[{"model": "home.homepage", "pk": 3, "fields": {"page_title": "Home", "current_need": "", "current_need_link": "/sponsor"}}, {"model": "home.homepagecarousel", "pk": 2, "fields": {"sort_order": 4, "page": 3, "image": 34, "image_title": "Child Sponsorship", "image_intro": "<p data-block-key=\"yije4\">Ut velit est quam dolor ad a aliquid qui aliquid. Sequi ea ut et est quaerat sequi nihil ut aliquam. Occaecati alias dolorem mollitia ut. Similique ea voluptatem. Esse doloremque accusamus repellendus deleniti vel. Minus et tempore modi architecto.</p>", "image_link": "/child_sponsorship"}}, {"model": "home.homepagecarousel", "pk": 3, "fields": {"sort_order": 0, "page": 3, "image": 36, "image_title": "SCU MISSIONS", "image_intro": "<p data-block-key=\"yije4\">Ut velit est quam dolor ad a aliquid qui aliquid. Sequi ea ut et est quaerat sequi nihil ut aliquam. Occaecati alias dolorem mollitia ut. Similique ea voluptatem. Esse doloremque accusamus repellendus deleniti vel. Minus et tempore modi architecto.</p>", "image_link": "/missions"}}, {"model": "home.homepagecarousel", "pk": 4, "fields": {"sort_order": 1, "page": 3, "image": 31, "image_title": "Gap Year students", "image_intro": "<p data-block-key=\"yije4\">Ut velit est quam dolor ad a aliquid qui aliquid. Sequi ea ut et est quaerat sequi nihil ut aliquam. Occaecati alias dolorem mollitia ut. Similique ea voluptatem. Esse doloremque accusamus repellendus deleniti vel. Minus et tempore modi architecto.</p>", "image_link": "/gap_year"}}, {"model": "home.homepagecarousel", "pk": 5, "fields": {"sort_order": 3, "page": 3, "image": 32, "image_title": "Crisis Care", "image_intro": "<p data-block-key=\"yije4\">just testinh</p>", "image_link": "/crisis_care"}}, {"model": "home.homepagecarousel", "pk": 6, "fields": {"sort_order": 2, "page": 3, "image": 37, "image_title": "Children Bible Clubs", "image_intro": "<p data-block-key=\"gykml\">Ut velit est quam dolor ad a aliquid qui aliquid. Sequi ea ut et est quaerat sequi nihil ut aliquam. Occaecati alias dolorem mollitia ut. Similique ea voluptatem. Esse doloremque accusamus repellendus deleniti vel. Minus et tempore modi architecto.</p>", "image_link": "/cbc"}}, {"model": "home.homepagecards", "pk": 4, "fields": {"sort_order": 0, "page": 3, "title": "What we do.", "intro": "<p data-block-key=\"8iw91\">We reach out to those in need of a helping hand through our different programs including;</p><ul><li data-block-key=\"5t1a0\"><b>Discipleship &amp; Evangelism</b></li><li data-block-key=\"4ti46\"><b>Education Support</b></li><li data-block-key=\"69hp0\"><b>Skilling</b></li><li data-block-key=\"7jkkk\"><b>Crisis care &amp; Management</b></li></ul>", "icon_class": "bi bi-briefcase-fill"}}, {"model": "home.homepagecards", "pk": 5, "fields": {"sort_order": 1, "page": 3, "title": "How to get involved?", "intro": "<p data-block-key=\"8iw91\">You too can be part of this work through praying with us, Visiting us, or donating to us.</p>", "icon_class": "bi bi-question-circle-fill"}}, {"model": "home.homepagecards", "pk": 6, "fields": {"sort_order": 2, "page": 3, "title": "Who we are?", "intro": "<p data-block-key=\"najfn\">Smile charity Uganda we are a helping hand to those in need. We are a hand up not a hand hand out. We envision holistically empowered and transformed lives through our working mechanism DESC which stands for Discipleship and Evangelism, Education Support, Skilling and Crisis management.</p>", "icon_class": "bi bi-emoji-smile-fill"}}, {"model": "home.discipleshippage", "pk": 7, "fields": {"featured_image": 14, "featured_image_title": "Discipleship", "brief_intro": "Participate and be a part of our ever growing team by supporting our programs through visiting us here on the ground, volunteering with our programs of your choice."}}, {"model": "home.discipleshippagecards", "pk": 7, "fields": {"sort_order": 0, "page": 7, "title": "Children Bible Clubs (CBC)", "intro": "<p data-block-key=\"sm047\">We have children attending church and in need of a child-forcused class similar to a Sunday school that is not yet well developed in in these churches.<br/>Smile charity Uganda through our experienced christian child developement workers reach out to the children while empowering and equiping the church ministers.</p>", "icon_class": "", "card_lead": "/cbc"}}, {"model": "home.discipleshippagecards", "pk": 8, "fields": {"sort_order": 1, "page": 7, "title": "Youth Discipleship Fellowship (YDF)", "intro": "<p data-block-key=\"sm047\">Working together with our growing Church partners, We continue to take young people through a consistent long term dicsipleship program geared for their spiritual growth</p>", "icon_class": "", "card_lead": "/ydf"}}, {"model": "home.discipleshippagecards", "pk": 9, "fields": {"sort_order": 2, "page": 7, "title": "Pastors' Dicipleship Fellowship  & Pastors' Wives' Discipleship Fellowship", "intro": "<p data-block-key=\"2s1sr\">We have a growing Fellowship of pastors (now 16) and their wives who meet fortnightly on Thursdays every month at the smile House. Together we grow physically (through aerobics and in the breaking of bread) and also Spiritually through sharing the word.</p>", "icon_class": "", "card_lead": "/pdf"}}, {"model": "home.educationpage", "pk": 8, "fields": {"featured_image": 34, "featured_image_title": "Education Support Program", "brief_intro": "Participate and be a part of our ever growing team by supporting our programs through visiting us here on the ground, volunteering with our programs of your choice."}}, {"model": "home.educationpagecards", "pk": 1, "fields": {"sort_order": 0, "page": 8, "title": "profession & Career Twinning", "intro": "<p data-block-key=\"bb654\">An exciting and fulfilling career developement program where a serving professional gives a hand to an upcoming young person up the steps to the same.</p>", "icon_class": "", "card_lead": "/twinning"}}, {"model": "home.educationpagecards", "pk": 2, "fields": {"sort_order": 1, "page": 8, "title": "Testmonials", "intro": "<p data-block-key=\"bb654\">Ever since our start up, we have collaborated with supporters and friends to give support to Ugandan young people through education.</p>", "icon_class": "", "card_lead": ""}}, {"model": "home.educationpagecards", "pk": 3, "fields": {"sort_order": 2, "page": 8, "title": "Child Sponsorship", "intro": "<p data-block-key=\"14iap\">A holistic child developement approach where an able person picks on a child in need of a helping hand to start or keep up with essential education.</p>", "icon_class": "", "card_lead": "/sponsor"}}, {"model": "home.skillingpage", "pk": 9, "fields": {"featured_image": 36, "featured_image_title": "Skills Development", "brief_intro": "Participate and be a part of our ever growing team by supporting our programs through visiting us here on the ground, volunteering with our programs of your choice."}}, {"model": "home.skillingpagecards", "pk": 1, "fields": {"sort_order": 0, "page": 9, "title": "Youth Entreprenuership Club", "intro": "<p data-block-key=\"k2iww\">With a growing community at Kabulengwa (our close locale), we found it necessary to establish a youth hubfor young people. Our focus is to empower them with cognitive and vital life skills so as to raise useful and responsible citzens</p>", "icon_class": "", "card_lead": "/yec"}}, {"model": "home.skillingpagecards", "pk": 2, "fields": {"sort_order": 1, "page": 9, "title": "How to get involved", "intro": "<p data-block-key=\"k2iww\">You are at the core of our work to support our Skilling Domain. You can participate through supporting the program facilitators, visiting our work or provide necessary equipements for the work.</p>", "icon_class": "", "card_lead": "/participate"}}, {"model": "home.skillingpagecards", "pk": 3, "fields": {"sort_order": 2, "page": 9, "title": "Women Empowerment", "intro": "<p data-block-key=\"e388y\">There is a big number of young girls who have dropped out of school before a useful career as well as a big number of single mothers, widows who are in a great need for sustainable livelihood. We reach out to these by equiping themwith skills</p>", "icon_class": "", "card_lead": "/women_empowerment"}}, {"model": "home.crisispage", "pk": 15, "fields": {"featured_image": 4, "featured_image_title": "Crsis Care & Management", "brief_intro": "Caring in crisis for individuals going through a moment of disaster or unforeseen emergencies in order to save their lives by providing them with food, medication and small essentials as hope is restored.", "body": "<h3 data-block-key=\"citz7\"><b>Crisis Care &amp; Management</b></h3><hr/><p data-block-key=\"e1k4t\">Caring in crisis for individuals going through a moment of disaster or unforeseen emergencies in order to save their lives by providing them with food, medication and small essentials as hope is restored.<br/>Adullam Caverna (Cave of Adullam 1 Samuel 22) is our shelter where people faced with temporary homelessness or escaping domestic violence are provided with a home for relief as we restore hope. Managing crisis and natural calamities when they occur in order to save lives, restore hope and rebuild family cohesion. Our team of volunteers are always readily equipped to face and reach out to those in crisis. We give a hand up not a hand out to all those in crisis plight.</p>"}}, {"model": "home.crisispagecarousel", "pk": 1, "fields": {"sort_order": 0, "page": 15, "image": 35, "caption": "random text"}}, {"model": "home.crisispagecarousel", "pk": 2, "fields": {"sort_order": 1, "page": 15, "image": 66, "caption": "random text"}}, {"model": "home.crisispagecarousel", "pk": 3, "fields": {"sort_order": 2, "page": 15, "image": 37, "caption": "random text"}}, {"model": "home.crisispagefaqs", "pk": 1, "fields": {"sort_order": 0, "page": 15, "question": "Question 1", "answer": "Answer to question one"}}, {"model": "home.crisispagefaqs", "pk": 2, "fields": {"sort_order": 1, "page": 15, "question": "Question 1", "answer": "Answer to question one"}}, {"model": "home.contactpage", "pk": 14, "fields": {"to_address": "", "from_address": "", "subject": "", "intro": "<p data-block-key=\"auwcg\">This is the introduction to the SCU contact Page</p>", "thank_you_message": "<p data-block-key=\"ehdjz\">Thank you for Contacting Smile Charity Uganda, your message has been received. We will contact you shortly.</p>"}}, {"model": "home.contactpageformfield", "pk": 1, "fields": {"sort_order": 0, "clean_name": "your_name", "label": "Your Name", "field_type": "singleline", "required": true, "choices": "", "default_value": "", "help_text": "", "page": 14}}, {"model": "home.contactpageformfield", "pk": 2, "fields": {"sort_order": 1, "clean_name": "email", "label": "Email", "field_type": "email", "required": true, "choices": "", "default_value": "", "help_text": "", "page": 14}}, {"model": "home.contactpageformfield", "pk": 3, "fields": {"sort_order": 2, "clean_name": "subject", "label": "Subject", "field_type": "singleline", "required": true, "choices": "", "default_value": "", "help_text": "", "page": 14}}, {"model": "home.contactpageformfield", "pk": 4, "fields": {"sort_order": 3, "clean_name": "message", "label": "Message", "field_type": "multiline", "required": true, "choices": "", "default_value": "", "help_text": "", "page": 14}}, {"model": "sponsorship.sponsorlistingpage", "pk": 11, "fields": {"page_title": "Sponsorship Waiting List", "introduction": "<p data-block-key=\"gr440\">This is the introduction to the sponsorship waiting list page</p>"}}, {"model": "sponsorship.sponsorpage", "pk": 12, "fields": {"child_photo": 47, "child_name": "Muwonge Twaha", "child_DOB": "Unkown", "child_story": "<p data-block-key=\"vbst5\">Twaha is one of the community kids who play football at the Seeds Of Love Park. He plays as the central defender and he is so passionate about it. When you ask him what he wants to be in future, he confidently says I want to be a professional footballer and help my family to have what to eat every day and have a good living. Twaha lives with his mother and 4 of his older siblings in a small one roomed house which was temporarily given to them by a sister’s friend. Their father abandoned them, sold off the house they once owned a year ago and got another wife. Since then he has never provided for any basic needs of the family. Twaha’s mother does casual work in the community like washing clothes for people. From this work she tries to provide food for the family which is sometimes not enough money to support the wellbeing of the family. Some days Twaha and the family go hungry the whole day when there is no work for the mother. Their temporal shelter is also being demanded and they have been asked to move out soon.</p>", "call_to_action": "<p data-block-key=\"wpl8i\"><i>You can support this with a monthly sponsorship </i></p><p data-block-key=\"3h9rn\"><i>of £ 35 equivalent to $ 50 equivalent to € 40 or locally </i></p><p data-block-key=\"77mmh\"><i>ugx 165000.</i></p>"}}, {"model": "sponsorship.sponsorpage", "pk": 13, "fields": {"child_photo": 45, "child_name": "AINEBYONA James", "child_DOB": "Unkown", "child_story": "<p data-block-key=\"uck90\">James lives in the community of Naluvule with a single mother. James wants to be a doctor when he grows up. James like to draw and playing with toys. James’ mothers makes snacks and she moves around the community with her children to sell the snacks to raise money for the welfare of her children. Given that her daily income is very low she finds it hard to raise the money to support James in school. You can sponsor James to make his future bright.</p>", "call_to_action": ""}}, {"model": "sponsorship.aboutpage", "pk": 16, "fields": {"featured_image": 20, "image_title": "About Smile Charity Uganda", "image_caption": "We are a Christian based non profit located on plot 700 Akright Estate Kabulengwa hill, Naluvule Wakiso district. Our greatest impact has so far been realised in the city slums of Nabulagala in Kampala and the the impoverished communities of Nansana in Wakiso district", "side_image": 76, "introduction": "<p data-block-key=\"bfa0w\"></p><p data-block-key=\"il93\"></p><hr/><p data-block-key=\"3ifoh\"></p><p data-block-key=\"6frok\">Smile Charity Uganda is 100% supported by both part time and full-time volunteers who freely give their time, skills and talents to run the activities of the organization.<br/>The organization provides a very small monthly stipend to meet their travel needs and food while in the field and on base serving.<br/></p><p data-block-key=\"1h0ds\">We are currently open to have new friends and partners whether individuals, groups, Churches or Organisations to expand our work and ministry of caring for children at risk, communities in need and the Church in Uganda especially in Kampala and Wakiso districts.</p>"}}, {"model": "sponsorship.aboutpagestrategy", "pk": 1, "fields": {"sort_order": 0, "page": 16, "strategy": "Our Vision", "content": "<p data-block-key=\"ifiba\">Smile Charity Uganda (SCU) envisions holistically empowered and transformed lives through education, practical evangelism initiatives and community outreach programs in Uganda.</p>", "icon_class": "bi bi-eyeglasses"}}, {"model": "sponsorship.aboutpagestrategy", "pk": 2, "fields": {"sort_order": 1, "page": 16, "strategy": "Mission", "content": "<p data-block-key=\"ifiba\">We aim for a long term rebuilding of lives through our domains namely Discipleshiop &amp; Evangelism, Education Support, Skilling and Crisis care &amp; management.</p>", "icon_class": "bi bi-bullseye"}}, {"model": "sponsorship.aboutpagestrategy", "pk": 3, "fields": {"sort_order": 2, "page": 16, "strategy": "Major Objective", "content": "<p data-block-key=\"ifiba\">Our major objective is to promote and advance the Christian faith through practical community initiatives as a means to improve on the quality of life within communities of Uganda</p>", "icon_class": "bi bi-award-fill"}}, {"model": "sponsorship.aboutpagestrategy", "pk": 4, "fields": {"sort_order": 3, "page": 16, "strategy": "Values", "content": "<p data-block-key=\"i7yb9\">Christ Centricity</p><p data-block-key=\"1t75f\">Integrity</p><p data-block-key=\"6h677\">Excellence</p><p data-block-key=\"8bgn9\">Servant Heart</p>", "icon_class": "bi bi-emoji-heart-eyes"}}, {"model": "sponsorship.volunteerpage", "pk": 17, "fields": {"featured_image": 67, "volunteer_name": "Alex Gift Ngabonziza", "designation": "Chief Executive Officer", "facebook": "https://www.facebook.com/AlexGiftNgabonziza", "linkedIn": "https://www.linkedin.com/in/ngabonziza-gift-alex-42509385/", "mail": "director@smilecharityuganda.org", "introduction": "<p data-block-key=\"a4wre\">I am a Christian faith believer. Jesus Christ is my Lord and savior. I am a professing and active born-again believer as well revealed, examined and explained in the holy scriptures. I dream big but work to achieve one day at a time. I allow room for emotions but act objectively to solve problems. I believe in the true word of God, family, Prayer, Fellowship and Sharing God’s goodness in my life</p>"}}, {"model": "sponsorship.volunteerpage", "pk": 18, "fields": {"featured_image": 74, "volunteer_name": "Silver Brown", "designation": "Accounts Manager", "facebook": "https://www.facebook.com/reachsilver", "linkedIn": "https://www.linkedin.com/in/nowgetonline/", "mail": "accounts@smilecharityuganda.org", "introduction": "<p data-block-key=\"ot5xy\">I want to serve in environments that I will work to preserve and ameliorate to a better status than I find it. An environment that will also make me better each day. My areas of interest are accounting, setting up systems for financial management as well as content writing and optimization. I want to be involved with a team of organized and well-focused people with a passion to serve society.</p>"}}, {"model": "sponsorship.volunteerpage", "pk": 19, "fields": {"featured_image": 68, "volunteer_name": "Ingabire Benigne", "designation": "Human Resource Manager", "facebook": null, "linkedIn": "https://www.linkedin.com/in/ingabire-benigne-913833230/", "mail": "communicationsmanager@smilecharityuganda.org", "introduction": "<p data-block-key=\"wpga3\">My ultimate Goal is to exalt Jesus as my Lord and Savior in everything I am, say and do. I desire to grow in the knowledge of God, bear fruits and to live a life worthy of the Lord and please Him in every way. I am lovingly desire to care for others with the best I can because I believe every Human is God’s special and valued possession (1Peter 2:9)</p>"}}, {"model": "sponsorship.volunteerpage", "pk": 20, "fields": {"featured_image": 71, "volunteer_name": "Kizito Joseph", "designation": "Field Manager", "facebook": "https://www.facebook.com/", "linkedIn": "https://www.linkedin.com/in/joseph-kizito-7a6b023b/", "mail": "josephk@smilecharityuganda.org", "introduction": "<p data-block-key=\"6oei6\">I am a born-again Christian who believes in the Biblical doctrines of the Trinity, the Birth of Jesus Christ the Son of the one true God, the Power of the Holy Spirit and the new life after physical death. Though enthusiastic, I believe in being a work in process by Jesus Christ, looking at the growth and improvement of my life in all aspects every day.</p>"}}, {"model": "sponsorship.volunteerpage", "pk": 21, "fields": {"featured_image": 70, "volunteer_name": "Mukiibi Gabiti Joseph", "designation": "Sponsorship Co-ordinator", "facebook": "https://www.facebook.com/", "linkedIn": "https://www.linkedin.com/in/gabiti-joseph-mukiibi-395550230/", "mail": "sponsorship@smilecharityuganda.org", "introduction": "<p data-block-key=\"sm7kd\">I am a Christian believer and I affirm my faith in the Lord Jesus Christ believing that God&#x27;s word is authoritative in my daily conduct. One of my distinguishing characteristics is the interest to working with children and young people. I am always willing to learn, unlearn and re-learn. I am teachable, open minded, analytical and compliant. I am always challenged to create a significant program(s) that can influence young people to love God and desire to serve Him.</p>"}}, {"model": "sponsorship.volunteerpage", "pk": 22, "fields": {"featured_image": 69, "volunteer_name": "Kobusingye Daphine", "designation": "Youth Co-ordinator", "facebook": "https://www.facebook.com/", "linkedIn": "https://www.linkedin.com/in/gabiti-joseph-mukiibi-395550230/", "mail": "daphine@smilecharityuganda.org", "introduction": "<p data-block-key=\"3ny7k\">If there is one thing that I know, I love and enjoy doing the will of God. I hold a strong faith in the love Jesus Christ has towards me. Truthfully, there is nothing I enjoy more than passing on the same love to the little children and young youth of the World through ministry. I firmly believe that sharing my talents and abilities as a Christian is the way to go.</p>"}}, {"model": "sponsorship.volunteerpage", "pk": 23, "fields": {"featured_image": 75, "volunteer_name": "Nakayiza Moreen", "designation": "Caretaker", "facebook": "https://www.facebook.com/", "linkedIn": "https://www.linkedin.com/in/nakayiza-moreen-8b0708230/", "mail": "moreen@smilecharityuganda.org", "introduction": "<p data-block-key=\"oapem\">I gave my life to Jesus Christ and am proud to let the whole world know am a child of God.I also hold a strong passion in Mistry cooking and serving different people. I hold perfection at heart hence enjoy living in a clean and presentable environment (house Management) l enjoy working with young youth mainly leading them and directing them in to doing the right things in life.</p>"}}, {"model": "sponsorship.volunteerpage", "pk": 24, "fields": {"featured_image": 72, "volunteer_name": "Kakooza Francis", "designation": "Security Observer", "facebook": "https://www.facebook.com/", "linkedIn": "https://www.linkedin.com/", "mail": "francis@smilecharityuganda.org", "introduction": "<p data-block-key=\"fx9id\">I am a Catholic. I acknowledge that Jesus is the Lord of. My personal conduct is being humble and respecting everyone. My character extends peace, joy and Love that are fundamental qualities for my personal progress and opportunity to challenge my boundaries, work on my weakness and use my strengths to elevate the work of Smile Charity Uganda team.</p>"}}, {"model": "sponsorship.volunteerpage", "pk": 25, "fields": {"featured_image": 73, "volunteer_name": "Ssozi Paul", "designation": "ICT & Media Head", "facebook": "https://www.facebook.com/ssozi.paul.14/", "linkedIn": "https://www.linkedin.com/in/paul-ssozi-7b4b2116a/", "mail": "mediamanager@smilecharityuganda.org", "introduction": "<p data-block-key=\"i2s8e\">I am self-willed and open-minded individual with a deep desire to know and learn every single day. When I am not designing and learning about current and upcoming tech trends, I like to do more tech. I desire to grow closer to God knowing that Christ is Lord. I ascribe dignity, respect and love in all that I do allowing room for reproof, correction and training.</p>"}}, {"model": "wagtailforms.formsubmission", "pk": 1, "fields": {"form_data": "{\"your_name\": \"Paul Ssozi\", \"email\": \"ssozipaule@gmail.com\", \"subject\": \"A very good subject\", \"message\": \"Testing\"}", "page": 14, "submit_time": "2022-05-02T10:45:08.159Z"}}, {"model": "wagtailimages.image", "pk": 1, "fields": {"collection": 1, "title": "22554890_1469690406446979_2556746862572782111_n", "file": "original_images/22554890_1469690406446979_2556746862572782111_n.jpg", "width": 900, "height": 600, "created_at": "2022-04-27T10:56:15.012Z", "uploaded_by_user": 1, "focal_point_x": null, "focal_point_y": null, "focal_point_width": null, "focal_point_height": null, "file_size": 162301, "file_hash": "393c2cf4e0c88e35bcc21b4ffa49b31597888b40"}}, {"model": "wagtailimages.image", "pk": 2, "fields": {"collection": 1, "title": "crisis1", "file": "original_images/crisis1.webp", "width": 4442, "height": 2941, "created_at": "2022-04-27T16:09:35.882Z", "uploaded_by_user": 1, "focal_point_x": null, "focal_point_y": null, "focal_point_width": null, "focal_point_height": null, "file_size": 963666, "file_hash": "590802fcafe78c45e15ba0d1b578e6c2cf33b795"}}, {"model": "wagtailimages.image", "pk": 3, "fields": {"collection": 1, "title": "education", "file": "original_images/education.webp", "width": 3039, "height": 1181, "created_at": "2022-04-27T16:11:48.430Z", "uploaded_by_user": 1, "focal_point_x": null, "focal_point_y": null, "focal_point_width": null, "focal_point_height": null, "file_size": 216238, "file_hash": "0ebb08fb2598f0fed38f872b7361e100edb3a551"}}, {"model": "wagtailimages.image", "pk": 4, "fields": {"collection": 1, "title": "crisis", "file": "original_images/crisis.webp", "width": 1920, "height": 747, "created_at": "2022-04-27T16:12:22.243Z", "uploaded_by_user": 1, "focal_point_x": null, "focal_point_y": null, "focal_point_width": null, "focal_point_height": null, "file_size": 302548, "file_hash": "d0d6157dfeb17e25f4084a75ac84325791122668"}}, {"model": "wagtailimages.image", "pk": 5, "fields": {"collection": 1, "title": "education", "file": "original_images/education_WttRkid.webp", "width": 3039, "height": 1181, "created_at": "2022-04-27T16:13:11.030Z", "uploaded_by_user": 1, "focal_point_x": null, "focal_point_y": null, "focal_point_width": null, "focal_point_height": null, "file_size": 216238, "file_hash": "0ebb08fb2598f0fed38f872b7361e100edb3a551"}}, {"model": "wagtailimages.image", "pk": 6, "fields": {"collection": 1, "title": "1", "file": "original_images/1.webp", "width": 13335, "height": 5181, "created_at": "2022-04-27T16:13:51.298Z", "uploaded_by_user": 1, "focal_point_x": null, "focal_point_y": null, "focal_point_width": null, "focal_point_height": null, "file_size": 1962314, "file_hash": "661ced61232a6af3d6ea0dffcd9d5716603a8625"}}, {"model": "wagtailimages.image", "pk": 7, "fields": {"collection": 1, "title": "cbc1", "file": "original_images/cbc1.webp", "width": 4442, "height": 2952, "created_at": "2022-04-27T16:13:56.330Z", "uploaded_by_user": 1, "focal_point_x": null, "focal_point_y": null, "focal_point_width": null, "focal_point_height": null, "file_size": 392028, "file_hash": "ecc6abe4da5b71966574d5d2da158f41b48eb685"}}, {"model": "wagtailimages.image", "pk": 8, "fields": {"collection": 1, "title": "cbc2", "file": "original_images/cbc2.webp", "width": 4442, "height": 2952, "created_at": "2022-04-27T16:13:58.587Z", "uploaded_by_user": 1, "focal_point_x": null, "focal_point_y": null, "focal_point_width": null, "focal_point_height": null, "file_size": 684236, "file_hash": "a736c7c3d48f5a4465e603bf17995f9a21a53053"}}, {"model": "wagtailimages.image", "pk": 9, "fields": {"collection": 1, "title": "cbc3", "file": "original_images/cbc3.webp", "width": 4442, "height": 2952, "created_at": "2022-04-27T16:13:59.675Z", "uploaded_by_user": 1, "focal_point_x": null, "focal_point_y": null, "focal_point_width": null, "focal_point_height": null, "file_size": 457950, "file_hash": "ac5a2bcb451cc112638af2a5e146c46341a8d25f"}}, {"model": "wagtailimages.image", "pk": 10, "fields": {"collection": 1, "title": "cbc4", "file": "original_images/cbc4.webp", "width": 4442, "height": 2952, "created_at": "2022-04-27T16:14:00.478Z", "uploaded_by_user": 1, "focal_point_x": null, "focal_point_y": null, "focal_point_width": null, "focal_point_height": null, "file_size": 348170, "file_hash": "7dc0f153076e6ffe926e08f440203f4939cb3596"}}, {"model": "wagtailimages.image", "pk": 11, "fields": {"collection": 1, "title": "image02", "file": "original_images/image02.webp", "width": 3136, "height": 2084, "created_at": "2022-04-27T16:14:01.197Z", "uploaded_by_user": 1, "focal_point_x": null, "focal_point_y": null, "focal_point_width": null, "focal_point_height": null, "file_size": 426534, "file_hash": "6acf45724951b70c7a0b0b2d8e120fc81808bbb3"}}, {"model": "wagtailimages.image", "pk": 12, "fields": {"collection": 1, "title": "image03", "file": "original_images/image03.webp", "width": 4912, "height": 3264, "created_at": "2022-04-27T16:14:02.155Z", "uploaded_by_user": 1, "focal_point_x": null, "focal_point_y": null, "focal_point_width": null, "focal_point_height": null, "file_size": 776692, "file_hash": "947662213e1e15fda187a8ebe375c7f0bf3bba30"}}, {"model": "wagtailimages.image", "pk": 13, "fields": {"collection": 1, "title": "image04", "file": "original_images/image04.webp", "width": 4912, "height": 3264, "created_at": "2022-04-27T16:14:03.322Z", "uploaded_by_user": 1, "focal_point_x": null, "focal_point_y": null, "focal_point_width": null, "focal_point_height": null, "file_size": 1167628, "file_hash": "2994d6f1ab0be38f6b0d393a15635baefc48977b"}}, {"model": "wagtailimages.image", "pk": 14, "fields": {"collection": 1, "title": "main", "file": "original_images/main.webp", "width": 4912, "height": 2760, "created_at": "2022-04-27T16:14:04.287Z", "uploaded_by_user": 1, "focal_point_x": null, "focal_point_y": null, "focal_point_width": null, "focal_point_height": null, "file_size": 613592, "file_hash": "ee01c5d627041e2041908b56f627512aa97e5a09"}}, {"model": "wagtailimages.image", "pk": 15, "fields": {"collection": 1, "title": "party", "file": "original_images/party.webp", "width": 3126, "height": 2084, "created_at": "2022-04-27T16:14:04.934Z", "uploaded_by_user": 1, "focal_point_x": null, "focal_point_y": null, "focal_point_width": null, "focal_point_height": null, "file_size": 405702, "file_hash": "be0de4dae36d70ec86ea33f549683dcc7bec9f86"}}, {"model": "wagtailimages.image", "pk": 16, "fields": {"collection": 1, "title": "pdf1", "file": "original_images/pdf1.webp", "width": 4442, "height": 2952, "created_at": "2022-04-27T16:14:05.925Z", "uploaded_by_user": 1, "focal_point_x": null, "focal_point_y": null, "focal_point_width": null, "focal_point_height": null, "file_size": 882622, "file_hash": "4287fe453d8b652a78ece79654a0daf554f065a2"}}, {"model": "wagtailimages.image", "pk": 17, "fields": {"collection": 1, "title": "pdf2", "file": "original_images/pdf2.webp", "width": 4442, "height": 2952, "created_at": "2022-04-27T16:14:06.770Z", "uploaded_by_user": 1, "focal_point_x": null, "focal_point_y": null, "focal_point_width": null, "focal_point_height": null, "file_size": 369534, "file_hash": "3e70ab19a513bf5779cd9c1a071c8d1d6ca951c4"}}, {"model": "wagtailimages.image", "pk": 18, "fields": {"collection": 1, "title": "ydf1", "file": "original_images/ydf1.webp", "width": 4442, "height": 2952, "created_at": "2022-04-27T16:14:07.669Z", "uploaded_by_user": 1, "focal_point_x": null, "focal_point_y": null, "focal_point_width": null, "focal_point_height": null, "file_size": 480782, "file_hash": "08dee97caad5072e93f75129fc6fe6fe6d03436f"}}, {"model": "wagtailimages.image", "pk": 19, "fields": {"collection": 1, "title": "ydf2", "file": "original_images/ydf2.webp", "width": 4442, "height": 2952, "created_at": "2022-04-27T16:14:08.591Z", "uploaded_by_user": 1, "focal_point_x": null, "focal_point_y": null, "focal_point_width": null, "focal_point_height": null, "file_size": 388482, "file_hash": "f857b21f35cdded26866d64cb225342a5809664a"}}, {"model": "wagtailimages.image", "pk": 20, "fields": {"collection": 1, "title": "ydf3", "file": "original_images/ydf3.webp", "width": 4442, "height": 2952, "created_at": "2022-04-27T16:14:09.572Z", "uploaded_by_user": 1, "focal_point_x": null, "focal_point_y": null, "focal_point_width": null, "focal_point_height": null, "file_size": 415800, "file_hash": "e14455a4537d98cd14338542f85f99677c441149"}}, {"model": "wagtailimages.image", "pk": 21, "fields": {"collection": 1, "title": "alex", "file": "original_images/alex.webp", "width": 7292, "height": 7292, "created_at": "2022-04-27T16:15:18.769Z", "uploaded_by_user": 1, "focal_point_x": null, "focal_point_y": null, "focal_point_width": null, "focal_point_height": null, "file_size": 512944, "file_hash": "ab60eb52c7d156af81df0c92a320bda6dee7e8a0"}}, {"model": "wagtailimages.image", "pk": 22, "fields": {"collection": 1, "title": "bennie", "file": "original_images/bennie.webp", "width": 7292, "height": 7292, "created_at": "2022-04-27T16:15:20.615Z", "uploaded_by_user": 1, "focal_point_x": null, "focal_point_y": null, "focal_point_width": null, "focal_point_height": null, "file_size": 485536, "file_hash": "b15ad76169df3d8a531368e4e2c0816c5ba97809"}}, {"model": "wagtailimages.image", "pk": 23, "fields": {"collection": 1, "title": "ddk", "file": "original_images/ddk.webp", "width": 7292, "height": 7292, "created_at": "2022-04-27T16:15:22.444Z", "uploaded_by_user": 1, "focal_point_x": null, "focal_point_y": null, "focal_point_width": null, "focal_point_height": null, "file_size": 386770, "file_hash": "aa6e4af2ac483261c38e5a766149dc5b1f459da7"}}, {"model": "wagtailimages.image", "pk": 24, "fields": {"collection": 1, "title": "gabit", "file": "original_images/gabit.webp", "width": 7292, "height": 7292, "created_at": "2022-04-27T16:15:24.214Z", "uploaded_by_user": 1, "focal_point_x": null, "focal_point_y": null, "focal_point_width": null, "focal_point_height": null, "file_size": 465894, "file_hash": "63e7802733ee435b511aeec27ba8d9dd98fab151"}}, {"model": "wagtailimages.image", "pk": 25, "fields": {"collection": 1, "title": "joseph", "file": "original_images/joseph.webp", "width": 7292, "height": 7292, "created_at": "2022-04-27T16:15:26.255Z", "uploaded_by_user": 1, "focal_point_x": null, "focal_point_y": null, "focal_point_width": null, "focal_point_height": null, "file_size": 773384, "file_hash": "88982baf96403f0ab0a519ca51c13c80ac8fe9b2"}}, {"model": "wagtailimages.image", "pk": 26, "fields": {"collection": 1, "title": "kakooza", "file": "original_images/kakooza.webp", "width": 7292, "height": 7292, "created_at": "2022-04-27T16:15:28.387Z", "uploaded_by_user": 1, "focal_point_x": null, "focal_point_y": null, "focal_point_width": null, "focal_point_height": null, "file_size": 576312, "file_hash": "5f2b9a7ee798a9ca37b28934c3c0066325d198ba"}}, {"model": "wagtailimages.image", "pk": 27, "fields": {"collection": 1, "title": "me", "file": "original_images/me.webp", "width": 7292, "height": 7292, "created_at": "2022-04-27T16:15:30.704Z", "uploaded_by_user": 1, "focal_point_x": null, "focal_point_y": null, "focal_point_width": null, "focal_point_height": null, "file_size": 1096074, "file_hash": "e95fba8efcb7f2a2a83616e14b9da4e9dbd1373b"}}, {"model": "wagtailimages.image", "pk": 28, "fields": {"collection": 1, "title": "moreen", "file": "original_images/moreen.webp", "width": 7292, "height": 7292, "created_at": "2022-04-27T16:15:32.762Z", "uploaded_by_user": 1, "focal_point_x": null, "focal_point_y": null, "focal_point_width": null, "focal_point_height": null, "file_size": 620414, "file_hash": "f8a716d22e2e8e4fc3895aa62bf75569f4625391"}}, {"model": "wagtailimages.image", "pk": 29, "fields": {"collection": 1, "title": "silver", "file": "original_images/silver.webp", "width": 7302, "height": 7302, "created_at": "2022-04-27T16:15:34.639Z", "uploaded_by_user": 1, "focal_point_x": null, "focal_point_y": null, "focal_point_width": null, "focal_point_height": null, "file_size": 267028, "file_hash": "4aebed73ca3bf4a202e876b1f86846b941801da9"}}, {"model": "wagtailimages.image", "pk": 30, "fields": {"collection": 1, "title": "gapyear", "file": "original_images/gapyear.webp", "width": 3605, "height": 2248, "created_at": "2022-04-27T16:16:24.291Z", "uploaded_by_user": 1, "focal_point_x": null, "focal_point_y": null, "focal_point_width": null, "focal_point_height": null, "file_size": 681540, "file_hash": "dc9d17ec219dfc24960dd9089cf1d7bfaffbbb24"}}, {"model": "wagtailimages.image", "pk": 31, "fields": {"collection": 1, "title": "gapYearStudents", "file": "original_images/gapYearStudents.webp", "width": 3984, "height": 2656, "created_at": "2022-04-27T16:16:25.121Z", "uploaded_by_user": 1, "focal_point_x": null, "focal_point_y": null, "focal_point_width": null, "focal_point_height": null, "file_size": 381514, "file_hash": "12c68115546297658f16949673f3fdb797e9958c"}}, {"model": "wagtailimages.image", "pk": 32, "fields": {"collection": 1, "title": "help", "file": "original_images/help.webp", "width": 3605, "height": 2248, "created_at": "2022-04-27T16:16:25.968Z", "uploaded_by_user": 1, "focal_point_x": null, "focal_point_y": null, "focal_point_width": null, "focal_point_height": null, "file_size": 981880, "file_hash": "33e6b29e9b4f0903113400a7897dff2c54289e02"}}, {"model": "wagtailimages.image", "pk": 33, "fields": {"collection": 1, "title": "image01", "file": "original_images/image01.webp", "width": 2656, "height": 1992, "created_at": "2022-04-27T16:16:26.729Z", "uploaded_by_user": 1, "focal_point_x": null, "focal_point_y": null, "focal_point_width": null, "focal_point_height": null, "file_size": 252578, "file_hash": "8355d90f8ca72f15eceddaffa848e0702911a59f"}}, {"model": "wagtailimages.image", "pk": 34, "fields": {"collection": 1, "title": "image03", "file": "original_images/image03_Rggeix7.webp", "width": 2656, "height": 1992, "created_at": "2022-04-27T16:16:27.429Z", "uploaded_by_user": 1, "focal_point_x": null, "focal_point_y": null, "focal_point_width": null, "focal_point_height": null, "file_size": 160160, "file_hash": "21925af0404e9f7650d61418c477339d1e7f6bf6"}}, {"model": "wagtailimages.image", "pk": 35, "fields": {"collection": 1, "title": "image05", "file": "original_images/image05.webp", "width": 3888, "height": 2592, "created_at": "2022-04-27T16:16:28.497Z", "uploaded_by_user": 1, "focal_point_x": null, "focal_point_y": null, "focal_point_width": null, "focal_point_height": null, "file_size": 436042, "file_hash": "f27c0f6c4f0116750a4dae384fe5733e386f3563"}}, {"model": "wagtailimages.image", "pk": 36, "fields": {"collection": 1, "title": "mission", "file": "original_images/mission.webp", "width": 3605, "height": 2248, "created_at": "2022-04-27T16:16:29.235Z", "uploaded_by_user": 1, "focal_point_x": null, "focal_point_y": null, "focal_point_width": null, "focal_point_height": null, "file_size": 335554, "file_hash": "c2d1bba09bc287aa61c8341cfa148b37c87b7b34"}}, {"model": "wagtailimages.image", "pk": 37, "fields": {"collection": 1, "title": "participate1", "file": "original_images/participate1.webp", "width": 2976, "height": 1984, "created_at": "2022-04-27T16:16:30.442Z", "uploaded_by_user": 1, "focal_point_x": null, "focal_point_y": null, "focal_point_width": null, "focal_point_height": null, "file_size": 324026, "file_hash": "b956b2ad89665f053865540b90d23db67b6c776d"}}, {"model": "wagtailimages.image", "pk": 38, "fields": {"collection": 1, "title": "participatebanner", "file": "original_images/participatebanner.webp", "width": 3038, "height": 1180, "created_at": "2022-04-27T16:16:31.034Z", "uploaded_by_user": 1, "focal_point_x": null, "focal_point_y": null, "focal_point_width": null, "focal_point_height": null, "file_size": 460744, "file_hash": "77bc932473c13ab017d23bd773c0821654b4a885"}}, {"model": "wagtailimages.image", "pk": 39, "fields": {"collection": 1, "title": "tour", "file": "original_images/tour.webp", "width": 3923, "height": 2919, "created_at": "2022-04-27T16:16:31.891Z", "uploaded_by_user": 1, "focal_point_x": null, "focal_point_y": null, "focal_point_width": null, "focal_point_height": null, "file_size": 332124, "file_hash": "078b6b9943dfb713c42b2a8ed3270eb017e21467"}}, {"model": "wagtailimages.image", "pk": 40, "fields": {"collection": 1, "title": "tour2", "file": "original_images/tour2.webp", "width": 3934, "height": 2918, "created_at": "2022-04-27T16:16:32.778Z", "uploaded_by_user": 1, "focal_point_x": null, "focal_point_y": null, "focal_point_width": null, "focal_point_height": null, "file_size": 356560, "file_hash": "5b1290365d30491524a21eff120561a7c24c73ec"}}, {"model": "wagtailimages.image", "pk": 41, "fields": {"collection": 1, "title": "toursMain", "file": "original_images/toursMain.webp", "width": 8197, "height": 2898, "created_at": "2022-04-27T16:16:34.313Z", "uploaded_by_user": 1, "focal_point_x": null, "focal_point_y": null, "focal_point_width": null, "focal_point_height": null, "file_size": 895026, "file_hash": "08db71e2966c63bda9964008cd55cd196637d0f3"}}, {"model": "wagtailimages.image", "pk": 42, "fields": {"collection": 1, "title": "twot", "file": "original_images/twot.webp", "width": 3934, "height": 2919, "created_at": "2022-04-27T16:16:35.041Z", "uploaded_by_user": 1, "focal_point_x": null, "focal_point_y": null, "focal_point_width": null, "focal_point_height": null, "file_size": 358588, "file_hash": "05c006241899d0abe59ef45b3ceeeb56bc5aabc8"}}, {"model": "wagtailimages.image", "pk": 43, "fields": {"collection": 1, "title": "AHIMBISIBWE Daphine", "file": "original_images/AHIMBISIBWE_Daphine.webp", "width": 256, "height": 256, "created_at": "2022-04-28T04:44:53.573Z", "uploaded_by_user": 1, "focal_point_x": null, "focal_point_y": null, "focal_point_width": null, "focal_point_height": null, "file_size": 15290, "file_hash": "6b2bba068f0abf5cfada56c7404001cf3967090d"}}, {"model": "wagtailimages.image", "pk": 44, "fields": {"collection": 1, "title": "KEZA UWASE Ruth", "file": "original_images/KEZA_UWASE_Ruth.webp", "width": 256, "height": 256, "created_at": "2022-04-28T04:50:44.527Z", "uploaded_by_user": 1, "focal_point_x": null, "focal_point_y": null, "focal_point_width": null, "focal_point_height": null, "file_size": 16116, "file_hash": "63bfb3b7d2668134464ebb93d0452a9f824304a8"}}, {"model": "wagtailimages.image", "pk": 45, "fields": {"collection": 1, "title": "Ayinebyona James", "file": "original_images/Ayinebyona_James.webp", "width": 256, "height": 256, "created_at": "2022-04-28T04:53:49.876Z", "uploaded_by_user": 1, "focal_point_x": null, "focal_point_y": null, "focal_point_width": null, "focal_point_height": null, "file_size": 12034, "file_hash": "8a2fbc48c88e580608bf0b8b3d37f686f844ff8a"}}, {"model": "wagtailimages.image", "pk": 46, "fields": {"collection": 1, "title": "ANGELLA Nabukenya", "file": "original_images/ANGELLA_Nabukenya.webp", "width": 256, "height": 256, "created_at": "2022-04-28T04:54:10.549Z", "uploaded_by_user": 1, "focal_point_x": null, "focal_point_y": null, "focal_point_width": null, "focal_point_height": null, "file_size": 5238, "file_hash": "21f70ce61a5d304e76ca006388d969dd840f651f"}}, {"model": "wagtailimages.image", "pk": 47, "fields": {"collection": 1, "title": "MUWONGE Twaha", "file": "original_images/MUWONGE_Twaha.webp", "width": 256, "height": 256, "created_at": "2022-04-28T04:56:14.714Z", "uploaded_by_user": 1, "focal_point_x": null, "focal_point_y": null, "focal_point_width": null, "focal_point_height": null, "file_size": 9640, "file_hash": "b321f6c85c4ee82a0be878107f7bbbbe917bda49"}}, {"model": "wagtailimages.image", "pk": 48, "fields": {"collection": 2, "title": "AHIMBISIBWE Daphine", "file": "original_images/AHIMBISIBWE_Daphine_nzPPk7l.webp", "width": 256, "height": 256, "created_at": "2022-04-29T04:00:43.241Z", "uploaded_by_user": 1, "focal_point_x": null, "focal_point_y": null, "focal_point_width": null, "focal_point_height": null, "file_size": 15290, "file_hash": "6b2bba068f0abf5cfada56c7404001cf3967090d"}}, {"model": "wagtailimages.image", "pk": 49, "fields": {"collection": 2, "title": "ANGELLA Nabukenya", "file": "original_images/ANGELLA_Nabukenya_Sot4pbN.webp", "width": 256, "height": 256, "created_at": "2022-04-29T04:00:43.861Z", "uploaded_by_user": 1, "focal_point_x": null, "focal_point_y": null, "focal_point_width": null, "focal_point_height": null, "file_size": 5238, "file_hash": "21f70ce61a5d304e76ca006388d969dd840f651f"}}, {"model": "wagtailimages.image", "pk": 50, "fields": {"collection": 2, "title": "Hanifah", "file": "original_images/Hanifah.webp", "width": 256, "height": 256, "created_at": "2022-04-29T04:00:44.325Z", "uploaded_by_user": 1, "focal_point_x": null, "focal_point_y": null, "focal_point_width": null, "focal_point_height": null, "file_size": 10026, "file_hash": "10560e2f9fbf591cbac5bf17b078bf790573f8cd"}}, {"model": "wagtailimages.image", "pk": 51, "fields": {"collection": 2, "title": "KEZA UWASE Ruth", "file": "original_images/KEZA_UWASE_Ruth_KiviZWP.webp", "width": 256, "height": 256, "created_at": "2022-04-29T04:00:44.780Z", "uploaded_by_user": 1, "focal_point_x": null, "focal_point_y": null, "focal_point_width": null, "focal_point_height": null, "file_size": 16116, "file_hash": "63bfb3b7d2668134464ebb93d0452a9f824304a8"}}, {"model": "wagtailimages.image", "pk": 52, "fields": {"collection": 2, "title": "MUWONGE Twaha", "file": "original_images/MUWONGE_Twaha_WxEJUa0.webp", "width": 256, "height": 256, "created_at": "2022-04-29T04:00:45.237Z", "uploaded_by_user": 1, "focal_point_x": null, "focal_point_y": null, "focal_point_width": null, "focal_point_height": null, "file_size": 9640, "file_hash": "b321f6c85c4ee82a0be878107f7bbbbe917bda49"}}, {"model": "wagtailimages.image", "pk": 53, "fields": {"collection": 2, "title": "NAGIRINYA Britney Angel", "file": "original_images/NAGIRINYA_Britney_Angel.webp", "width": 256, "height": 256, "created_at": "2022-04-29T04:00:45.694Z", "uploaded_by_user": 1, "focal_point_x": null, "focal_point_y": null, "focal_point_width": null, "focal_point_height": null, "file_size": 18916, "file_hash": "ed270aff064bff2bc1aa93092f227fa1817b9bca"}}, {"model": "wagtailimages.image", "pk": 54, "fields": {"collection": 2, "title": "NAKIBUUKA Kusasira Harriet", "file": "original_images/NAKIBUUKA_Kusasira_Harriet.webp", "width": 256, "height": 256, "created_at": "2022-04-29T04:00:46.098Z", "uploaded_by_user": 1, "focal_point_x": null, "focal_point_y": null, "focal_point_width": null, "focal_point_height": null, "file_size": 16718, "file_hash": "cb40949ba7f6fb103b38ca33febf708f2a6b0b6a"}}, {"model": "wagtailimages.image", "pk": 55, "fields": {"collection": 2, "title": "NAKIBUULE Peace!", "file": "original_images/NAKIBUULE_Peace.webp", "width": 256, "height": 256, "created_at": "2022-04-29T04:00:46.570Z", "uploaded_by_user": 1, "focal_point_x": null, "focal_point_y": null, "focal_point_width": null, "focal_point_height": null, "file_size": 14172, "file_hash": "7b41ebf102bb27f98bd4929d52a94848d64bc478"}}, {"model": "wagtailimages.image", "pk": 56, "fields": {"collection": 2, "title": "NAKIDDE Whitney Victorious", "file": "original_images/NAKIDDE_Whitney_Victorious.webp", "width": 256, "height": 256, "created_at": "2022-04-29T04:00:47.012Z", "uploaded_by_user": 1, "focal_point_x": null, "focal_point_y": null, "focal_point_width": null, "focal_point_height": null, "file_size": 15788, "file_hash": "aafd3f71882b4c2dea6cfc6cf72ce5491393ad17"}}, {"model": "wagtailimages.image", "pk": 57, "fields": {"collection": 2, "title": "NAMALE Helena", "file": "original_images/NAMALE_Helena.webp", "width": 256, "height": 256, "created_at": "2022-04-29T04:00:47.554Z", "uploaded_by_user": 1, "focal_point_x": null, "focal_point_y": null, "focal_point_width": null, "focal_point_height": null, "file_size": 17654, "file_hash": "c6f2b0bd4c37916a8b08604502b0df3c498e3c0b"}}, {"model": "wagtailimages.image", "pk": 58, "fields": {"collection": 2, "title": "NAMWANJE Daniella", "file": "original_images/NAMWANJE_Daniella.webp", "width": 256, "height": 256, "created_at": "2022-04-29T04:00:48.123Z", "uploaded_by_user": 1, "focal_point_x": null, "focal_point_y": null, "focal_point_width": null, "focal_point_height": null, "file_size": 11550, "file_hash": "74e9229cacfb175e3b3e037c32ab89dc711659b9"}}, {"model": "wagtailimages.image", "pk": 59, "fields": {"collection": 2, "title": "NANKABIRWA Joan", "file": "original_images/NANKABIRWA_Joan.webp", "width": 256, "height": 256, "created_at": "2022-04-29T04:00:48.959Z", "uploaded_by_user": 1, "focal_point_x": null, "focal_point_y": null, "focal_point_width": null, "focal_point_height": null, "file_size": 11916, "file_hash": "cf0e4b2594040aae39374de38cc627711305c249"}}, {"model": "wagtailimages.image", "pk": 60, "fields": {"collection": 2, "title": "NSHUTI Joshua", "file": "original_images/NSHUTI_Joshua.webp", "width": 256, "height": 256, "created_at": "2022-04-29T04:00:49.401Z", "uploaded_by_user": 1, "focal_point_x": null, "focal_point_y": null, "focal_point_width": null, "focal_point_height": null, "file_size": 11954, "file_hash": "0cc249aa1d252af15fdf37f0aba280694618d707"}}, {"model": "wagtailimages.image", "pk": 61, "fields": {"collection": 2, "title": "ONYURA Rihana", "file": "original_images/ONYURA_Rihana.webp", "width": 256, "height": 256, "created_at": "2022-04-29T04:00:49.854Z", "uploaded_by_user": 1, "focal_point_x": null, "focal_point_y": null, "focal_point_width": null, "focal_point_height": null, "file_size": 8288, "file_hash": "c120cf77b82b701b0bc29788ef9471bac8412d9f"}}, {"model": "wagtailimages.image", "pk": 62, "fields": {"collection": 2, "title": "REBEKAH Blessed", "file": "original_images/REBEKAH_Blessed.webp", "width": 256, "height": 256, "created_at": "2022-04-29T04:00:50.364Z", "uploaded_by_user": 1, "focal_point_x": null, "focal_point_y": null, "focal_point_width": null, "focal_point_height": null, "file_size": 15462, "file_hash": "4ec1a287705559b892cda08ca29e3d5c0a5eaed8"}}, {"model": "wagtailimages.image", "pk": 63, "fields": {"collection": 2, "title": "SHAMMA Omoro", "file": "original_images/SHAMMA_Omoro.webp", "width": 256, "height": 256, "created_at": "2022-04-29T04:00:50.777Z", "uploaded_by_user": 1, "focal_point_x": null, "focal_point_y": null, "focal_point_width": null, "focal_point_height": null, "file_size": 8238, "file_hash": "0494a36c776ef464f56a059b4ad6a8216c875b5d"}}, {"model": "wagtailimages.image", "pk": 64, "fields": {"collection": 2, "title": "SSEMPIJJA Edison", "file": "original_images/SSEMPIJJA_Edison.webp", "width": 256, "height": 256, "created_at": "2022-04-29T04:00:51.276Z", "uploaded_by_user": 1, "focal_point_x": null, "focal_point_y": null, "focal_point_width": null, "focal_point_height": null, "file_size": 12648, "file_hash": "561afe88ab2581475ef0f71c56ea8b8329a6d561"}}, {"model": "wagtailimages.image", "pk": 65, "fields": {"collection": 2, "title": "SSEMUJJU Kingsley Favour", "file": "original_images/SSEMUJJU_Kingsley_Favour.webp", "width": 256, "height": 256, "created_at": "2022-04-29T04:00:51.722Z", "uploaded_by_user": 1, "focal_point_x": null, "focal_point_y": null, "focal_point_width": null, "focal_point_height": null, "file_size": 8772, "file_hash": "24c79f536133f643dc54afacbbca4153ee110584"}}, {"model": "wagtailimages.image", "pk": 66, "fields": {"collection": 2, "title": "TUMWEBAZE Frank", "file": "original_images/TUMWEBAZE_Frank.webp", "width": 256, "height": 256, "created_at": "2022-04-29T04:00:52.243Z", "uploaded_by_user": 1, "focal_point_x": null, "focal_point_y": null, "focal_point_width": null, "focal_point_height": null, "file_size": 8482, "file_hash": "fc0a32fc5504c674b8472aa9a4d3da40e7c698cf"}}, {"model": "wagtailimages.image", "pk": 67, "fields": {"collection": 1, "title": "alex", "file": "original_images/alex_i2LqwDH.webp", "width": 256, "height": 256, "created_at": "2022-05-03T16:01:54.722Z", "uploaded_by_user": 1, "focal_point_x": null, "focal_point_y": null, "focal_point_width": null, "focal_point_height": null, "file_size": 10922, "file_hash": "eee271a20fe34b59580b33665d1cd8cad869eabd"}}, {"model": "wagtailimages.image", "pk": 68, "fields": {"collection": 1, "title": "bennie", "file": "original_images/bennie_PKiwviE.webp", "width": 256, "height": 256, "created_at": "2022-05-03T16:01:55.258Z", "uploaded_by_user": 1, "focal_point_x": null, "focal_point_y": null, "focal_point_width": null, "focal_point_height": null, "file_size": 11176, "file_hash": "49f59293b12f748c8a6486daf26981331e6fb364"}}, {"model": "wagtailimages.image", "pk": 69, "fields": {"collection": 1, "title": "ddk", "file": "original_images/ddk_koKFc6q.webp", "width": 256, "height": 256, "created_at": "2022-05-03T16:01:55.682Z", "uploaded_by_user": 1, "focal_point_x": null, "focal_point_y": null, "focal_point_width": null, "focal_point_height": null, "file_size": 9564, "file_hash": "8cff079c3f9b71d6d7fea55c2f818d1089cab88d"}}, {"model": "wagtailimages.image", "pk": 70, "fields": {"collection": 1, "title": "gabit", "file": "original_images/gabit_X8BKfmH.webp", "width": 256, "height": 256, "created_at": "2022-05-03T16:01:56.139Z", "uploaded_by_user": 1, "focal_point_x": null, "focal_point_y": null, "focal_point_width": null, "focal_point_height": null, "file_size": 9388, "file_hash": "22a752f7eebaa9f0879053a264e72a656d2f3d55"}}, {"model": "wagtailimages.image", "pk": 71, "fields": {"collection": 1, "title": "joseph", "file": "original_images/joseph_eopXWer.webp", "width": 256, "height": 256, "created_at": "2022-05-03T16:01:56.560Z", "uploaded_by_user": 1, "focal_point_x": null, "focal_point_y": null, "focal_point_width": null, "focal_point_height": null, "file_size": 13260, "file_hash": "e518093fe2badef356b611d353bfea70344020ac"}}, {"model": "wagtailimages.image", "pk": 72, "fields": {"collection": 1, "title": "kakooza", "file": "original_images/kakooza_vMF1nO8.webp", "width": 256, "height": 256, "created_at": "2022-05-03T16:01:57.076Z", "uploaded_by_user": 1, "focal_point_x": null, "focal_point_y": null, "focal_point_width": null, "focal_point_height": null, "file_size": 10116, "file_hash": "bc0c897cf4a02a5b9f91a50f913ac1e7b7559bac"}}, {"model": "wagtailimages.image", "pk": 73, "fields": {"collection": 1, "title": "me", "file": "original_images/me_0lxw61C.webp", "width": 256, "height": 256, "created_at": "2022-05-03T16:01:57.558Z", "uploaded_by_user": 1, "focal_point_x": null, "focal_point_y": null, "focal_point_width": null, "focal_point_height": null, "file_size": 15156, "file_hash": "fd5e0f7153184d16fcdfc0c1309a4374356207e0"}}, {"model": "wagtailimages.image", "pk": 74, "fields": {"collection": 1, "title": "silver", "file": "original_images/silver_E2EwijV.webp", "width": 256, "height": 256, "created_at": "2022-05-03T16:01:58.024Z", "uploaded_by_user": 1, "focal_point_x": null, "focal_point_y": null, "focal_point_width": null, "focal_point_height": null, "file_size": 6982, "file_hash": "2da3f94137c6048ee94f495878fb020bd8646263"}}, {"model": "wagtailimages.image", "pk": 75, "fields": {"collection": 1, "title": "moreen", "file": "original_images/moreen_SYCvO9z.webp", "width": 256, "height": 256, "created_at": "2022-05-03T16:28:49.574Z", "uploaded_by_user": 1, "focal_point_x": null, "focal_point_y": null, "focal_point_width": null, "focal_point_height": null, "file_size": 9964, "file_hash": "f903bd1cc1639ca32a4fd001ef2f613485473d4d"}}, {"model": "wagtailimages.image", "pk": 76, "fields": {"collection": 3, "title": "vision2", "file": "original_images/vision2.webp", "width": 828, "height": 550, "created_at": "2022-05-03T18:03:18.516Z", "uploaded_by_user": 1, "focal_point_x": null, "focal_point_y": null, "focal_point_width": null, "focal_point_height": null, "file_size": 28830, "file_hash": "7a06b7776d37930f66e73bb5f6de00771f89a620"}}, {"model": "wagtailimages.rendition", "pk": 1, "fields": {"filter_spec": "max-165x165", "file": "images/22554890_1469690406446979_255674686257278211.max-165x165.jpg", "width": 165, "height": 109, "focal_point_key": "", "image": 1}}, {"model": "wagtailimages.rendition", "pk": 2, "fields": {"filter_spec": "original", "file": "images/22554890_1469690406446979_2556746862572782111_n.original.jpg", "width": 900, "height": 600, "focal_point_key": "", "image": 1}}, {"model": "wagtailimages.rendition", "pk": 3, "fields": {"filter_spec": "max-165x165", "file": "images/crisis1.max-165x165.png", "width": 165, "height": 109, "focal_point_key": "", "image": 2}}, {"model": "wagtailimages.rendition", "pk": 4, "fields": {"filter_spec": "max-165x165", "file": "images/crisis.max-165x165.png", "width": 165, "height": 64, "focal_point_key": "", "image": 4}}, {"model": "wagtailimages.rendition", "pk": 5, "fields": {"filter_spec": "max-165x165", "file": "images/education.max-165x165.png", "width": 165, "height": 64, "focal_point_key": "", "image": 3}}, {"model": "wagtailimages.rendition", "pk": 6, "fields": {"filter_spec": "max-165x165", "file": "images/twot.max-165x165.png", "width": 165, "height": 122, "focal_point_key": "", "image": 42}}, {"model": "wagtailimages.rendition", "pk": 7, "fields": {"filter_spec": "max-165x165", "file": "images/toursMain.max-165x165.png", "width": 165, "height": 58, "focal_point_key": "", "image": 41}}, {"model": "wagtailimages.rendition", "pk": 8, "fields": {"filter_spec": "max-165x165", "file": "images/tour2.max-165x165.png", "width": 165, "height": 122, "focal_point_key": "", "image": 40}}, {"model": "wagtailimages.rendition", "pk": 9, "fields": {"filter_spec": "max-165x165", "file": "images/tour.max-165x165.png", "width": 165, "height": 122, "focal_point_key": "", "image": 39}}, {"model": "wagtailimages.rendition", "pk": 10, "fields": {"filter_spec": "max-165x165", "file": "images/participatebanner.max-165x165.png", "width": 165, "height": 64, "focal_point_key": "", "image": 38}}, {"model": "wagtailimages.rendition", "pk": 11, "fields": {"filter_spec": "max-165x165", "file": "images/participate1.max-165x165.png", "width": 165, "height": 110, "focal_point_key": "", "image": 37}}, {"model": "wagtailimages.rendition", "pk": 12, "fields": {"filter_spec": "max-165x165", "file": "images/mission.max-165x165.png", "width": 165, "height": 102, "focal_point_key": "", "image": 36}}, {"model": "wagtailimages.rendition", "pk": 13, "fields": {"filter_spec": "max-165x165", "file": "images/image05.max-165x165.png", "width": 165, "height": 110, "focal_point_key": "", "image": 35}}, {"model": "wagtailimages.rendition", "pk": 14, "fields": {"filter_spec": "max-165x165", "file": "images/image03_Rggeix7.max-165x165.png", "width": 165, "height": 123, "focal_point_key": "", "image": 34}}, {"model": "wagtailimages.rendition", "pk": 15, "fields": {"filter_spec": "max-165x165", "file": "images/image01.max-165x165.png", "width": 165, "height": 123, "focal_point_key": "", "image": 33}}, {"model": "wagtailimages.rendition", "pk": 16, "fields": {"filter_spec": "max-165x165", "file": "images/help.max-165x165.png", "width": 165, "height": 102, "focal_point_key": "", "image": 32}}, {"model": "wagtailimages.rendition", "pk": 17, "fields": {"filter_spec": "max-165x165", "file": "images/gapYearStudents.max-165x165.png", "width": 165, "height": 110, "focal_point_key": "", "image": 31}}, {"model": "wagtailimages.rendition", "pk": 18, "fields": {"filter_spec": "max-165x165", "file": "images/gapyear.max-165x165.png", "width": 165, "height": 102, "focal_point_key": "", "image": 30}}, {"model": "wagtailimages.rendition", "pk": 19, "fields": {"filter_spec": "max-165x165", "file": "images/silver.max-165x165.png", "width": 165, "height": 165, "focal_point_key": "", "image": 29}}, {"model": "wagtailimages.rendition", "pk": 20, "fields": {"filter_spec": "max-165x165", "file": "images/moreen.max-165x165.png", "width": 165, "height": 165, "focal_point_key": "", "image": 28}}, {"model": "wagtailimages.rendition", "pk": 21, "fields": {"filter_spec": "max-165x165", "file": "images/me.max-165x165.png", "width": 165, "height": 165, "focal_point_key": "", "image": 27}}, {"model": "wagtailimages.rendition", "pk": 22, "fields": {"filter_spec": "max-165x165", "file": "images/kakooza.max-165x165.png", "width": 165, "height": 165, "focal_point_key": "", "image": 26}}, {"model": "wagtailimages.rendition", "pk": 23, "fields": {"filter_spec": "max-165x165", "file": "images/joseph.max-165x165.png", "width": 165, "height": 165, "focal_point_key": "", "image": 25}}, {"model": "wagtailimages.rendition", "pk": 24, "fields": {"filter_spec": "max-165x165", "file": "images/gabit.max-165x165.png", "width": 165, "height": 165, "focal_point_key": "", "image": 24}}, {"model": "wagtailimages.rendition", "pk": 25, "fields": {"filter_spec": "max-165x165", "file": "images/ddk.max-165x165.png", "width": 165, "height": 165, "focal_point_key": "", "image": 23}}, {"model": "wagtailimages.rendition", "pk": 26, "fields": {"filter_spec": "max-165x165", "file": "images/bennie.max-165x165.png", "width": 165, "height": 165, "focal_point_key": "", "image": 22}}, {"model": "wagtailimages.rendition", "pk": 27, "fields": {"filter_spec": "max-165x165", "file": "images/alex.max-165x165.png", "width": 165, "height": 165, "focal_point_key": "", "image": 21}}, {"model": "wagtailimages.rendition", "pk": 28, "fields": {"filter_spec": "max-165x165", "file": "images/ydf3.max-165x165.png", "width": 165, "height": 109, "focal_point_key": "", "image": 20}}, {"model": "wagtailimages.rendition", "pk": 29, "fields": {"filter_spec": "max-165x165", "file": "images/ydf2.max-165x165.png", "width": 165, "height": 109, "focal_point_key": "", "image": 19}}, {"model": "wagtailimages.rendition", "pk": 30, "fields": {"filter_spec": "original", "file": "images/image03_Rggeix7.original.png", "width": 2656, "height": 1992, "focal_point_key": "", "image": 34}}, {"model": "wagtailimages.rendition", "pk": 31, "fields": {"filter_spec": "original", "file": "images/mission.original.png", "width": 3605, "height": 2248, "focal_point_key": "", "image": 36}}, {"model": "wagtailimages.rendition", "pk": 32, "fields": {"filter_spec": "original", "file": "images/gapYearStudents.original.png", "width": 3984, "height": 2656, "focal_point_key": "", "image": 31}}, {"model": "wagtailimages.rendition", "pk": 33, "fields": {"filter_spec": "original", "file": "images/help.original.png", "width": 3605, "height": 2248, "focal_point_key": "", "image": 32}}, {"model": "wagtailimages.rendition", "pk": 34, "fields": {"filter_spec": "original", "file": "images/participate1.original.png", "width": 2976, "height": 1984, "focal_point_key": "", "image": 37}}, {"model": "wagtailimages.rendition", "pk": 35, "fields": {"filter_spec": "max-165x165", "file": "images/ydf1.max-165x165.png", "width": 165, "height": 109, "focal_point_key": "", "image": 18}}, {"model": "wagtailimages.rendition", "pk": 36, "fields": {"filter_spec": "max-165x165", "file": "images/pdf2.max-165x165.png", "width": 165, "height": 109, "focal_point_key": "", "image": 17}}, {"model": "wagtailimages.rendition", "pk": 37, "fields": {"filter_spec": "max-165x165", "file": "images/pdf1.max-165x165.png", "width": 165, "height": 109, "focal_point_key": "", "image": 16}}, {"model": "wagtailimages.rendition", "pk": 38, "fields": {"filter_spec": "max-165x165", "file": "images/party.max-165x165.png", "width": 165, "height": 110, "focal_point_key": "", "image": 15}}, {"model": "wagtailimages.rendition", "pk": 39, "fields": {"filter_spec": "max-165x165", "file": "images/main.max-165x165.png", "width": 165, "height": 92, "focal_point_key": "", "image": 14}}, {"model": "wagtailimages.rendition", "pk": 40, "fields": {"filter_spec": "max-165x165", "file": "images/image04.max-165x165.png", "width": 165, "height": 109, "focal_point_key": "", "image": 13}}, {"model": "wagtailimages.rendition", "pk": 41, "fields": {"filter_spec": "max-165x165", "file": "images/image03.max-165x165.png", "width": 165, "height": 109, "focal_point_key": "", "image": 12}}, {"model": "wagtailimages.rendition", "pk": 42, "fields": {"filter_spec": "max-165x165", "file": "images/image02.max-165x165.png", "width": 165, "height": 109, "focal_point_key": "", "image": 11}}, {"model": "wagtailimages.rendition", "pk": 43, "fields": {"filter_spec": "max-165x165", "file": "images/cbc4.max-165x165.png", "width": 165, "height": 109, "focal_point_key": "", "image": 10}}, {"model": "wagtailimages.rendition", "pk": 44, "fields": {"filter_spec": "max-165x165", "file": "images/cbc3.max-165x165.png", "width": 165, "height": 109, "focal_point_key": "", "image": 9}}, {"model": "wagtailimages.rendition", "pk": 45, "fields": {"filter_spec": "max-165x165", "file": "images/cbc2.max-165x165.png", "width": 165, "height": 109, "focal_point_key": "", "image": 8}}, {"model": "wagtailimages.rendition", "pk": 46, "fields": {"filter_spec": "max-165x165", "file": "images/cbc1.max-165x165.png", "width": 165, "height": 109, "focal_point_key": "", "image": 7}}, {"model": "wagtailimages.rendition", "pk": 47, "fields": {"filter_spec": "max-165x165", "file": "images/1.max-165x165.png", "width": 165, "height": 64, "focal_point_key": "", "image": 6}}, {"model": "wagtailimages.rendition", "pk": 48, "fields": {"filter_spec": "max-165x165", "file": "images/education_WttRkid.max-165x165.png", "width": 165, "height": 64, "focal_point_key": "", "image": 5}}, {"model": "wagtailimages.rendition", "pk": 49, "fields": {"filter_spec": "original", "file": "images/main.original.png", "width": 4912, "height": 2760, "focal_point_key": "", "image": 14}}, {"model": "wagtailimages.rendition", "pk": 50, "fields": {"filter_spec": "max-165x165", "file": "images/AHIMBISIBWE_Daphine.max-165x165.png", "width": 165, "height": 165, "focal_point_key": "", "image": 43}}, {"model": "wagtailimages.rendition", "pk": 51, "fields": {"filter_spec": "original", "file": "images/AHIMBISIBWE_Daphine.original.png", "width": 256, "height": 256, "focal_point_key": "", "image": 43}}, {"model": "wagtailimages.rendition", "pk": 52, "fields": {"filter_spec": "max-165x165", "file": "images/KEZA_UWASE_Ruth.max-165x165.png", "width": 165, "height": 165, "focal_point_key": "", "image": 44}}, {"model": "wagtailimages.rendition", "pk": 53, "fields": {"filter_spec": "max-165x165", "file": "images/Ayinebyona_James.max-165x165.png", "width": 165, "height": 165, "focal_point_key": "", "image": 45}}, {"model": "wagtailimages.rendition", "pk": 54, "fields": {"filter_spec": "max-165x165", "file": "images/ANGELLA_Nabukenya.max-165x165.png", "width": 165, "height": 165, "focal_point_key": "", "image": 46}}, {"model": "wagtailimages.rendition", "pk": 55, "fields": {"filter_spec": "original", "file": "images/KEZA_UWASE_Ruth.original.png", "width": 256, "height": 256, "focal_point_key": "", "image": 44}}, {"model": "wagtailimages.rendition", "pk": 56, "fields": {"filter_spec": "original", "file": "images/Ayinebyona_James.original.png", "width": 256, "height": 256, "focal_point_key": "", "image": 45}}, {"model": "wagtailimages.rendition", "pk": 57, "fields": {"filter_spec": "original", "file": "images/ANGELLA_Nabukenya.original.png", "width": 256, "height": 256, "focal_point_key": "", "image": 46}}, {"model": "wagtailimages.rendition", "pk": 58, "fields": {"filter_spec": "max-165x165", "file": "images/MUWONGE_Twaha.max-165x165.png", "width": 165, "height": 165, "focal_point_key": "", "image": 47}}, {"model": "wagtailimages.rendition", "pk": 59, "fields": {"filter_spec": "original", "file": "images/MUWONGE_Twaha.original.png", "width": 256, "height": 256, "focal_point_key": "", "image": 47}}, {"model": "wagtailimages.rendition", "pk": 60, "fields": {"filter_spec": "original", "file": "images/crisis.original.png", "width": 1920, "height": 747, "focal_point_key": "", "image": 4}}, {"model": "wagtailimages.rendition", "pk": 61, "fields": {"filter_spec": "max-800x600", "file": "images/crisis.max-800x600.png", "width": 800, "height": 311, "focal_point_key": "", "image": 4}}, {"model": "wagtailimages.rendition", "pk": 62, "fields": {"filter_spec": "original", "file": "images/1.original.png", "width": 13335, "height": 5181, "focal_point_key": "", "image": 6}}, {"model": "wagtailimages.rendition", "pk": 63, "fields": {"filter_spec": "max-800x600", "file": "images/1.max-800x600.png", "width": 800, "height": 310, "focal_point_key": "", "image": 6}}, {"model": "wagtailimages.rendition", "pk": 64, "fields": {"filter_spec": "max-165x165", "file": "images/TUMWEBAZE_Frank.max-165x165.png", "width": 165, "height": 165, "focal_point_key": "", "image": 66}}, {"model": "wagtailimages.rendition", "pk": 65, "fields": {"filter_spec": "max-165x165", "file": "images/SSEMUJJU_Kingsley_Favour.max-165x165.png", "width": 165, "height": 165, "focal_point_key": "", "image": 65}}, {"model": "wagtailimages.rendition", "pk": 66, "fields": {"filter_spec": "max-165x165", "file": "images/SSEMPIJJA_Edison.max-165x165.png", "width": 165, "height": 165, "focal_point_key": "", "image": 64}}, {"model": "wagtailimages.rendition", "pk": 67, "fields": {"filter_spec": "max-165x165", "file": "images/SHAMMA_Omoro.max-165x165.png", "width": 165, "height": 165, "focal_point_key": "", "image": 63}}, {"model": "wagtailimages.rendition", "pk": 68, "fields": {"filter_spec": "max-165x165", "file": "images/REBEKAH_Blessed.max-165x165.png", "width": 165, "height": 165, "focal_point_key": "", "image": 62}}, {"model": "wagtailimages.rendition", "pk": 69, "fields": {"filter_spec": "max-165x165", "file": "images/ONYURA_Rihana.max-165x165.png", "width": 165, "height": 165, "focal_point_key": "", "image": 61}}, {"model": "wagtailimages.rendition", "pk": 70, "fields": {"filter_spec": "max-165x165", "file": "images/NSHUTI_Joshua.max-165x165.png", "width": 165, "height": 165, "focal_point_key": "", "image": 60}}, {"model": "wagtailimages.rendition", "pk": 71, "fields": {"filter_spec": "max-165x165", "file": "images/NANKABIRWA_Joan.max-165x165.png", "width": 165, "height": 165, "focal_point_key": "", "image": 59}}, {"model": "wagtailimages.rendition", "pk": 72, "fields": {"filter_spec": "max-165x165", "file": "images/NAMWANJE_Daniella.max-165x165.png", "width": 165, "height": 165, "focal_point_key": "", "image": 58}}, {"model": "wagtailimages.rendition", "pk": 73, "fields": {"filter_spec": "max-165x165", "file": "images/NAMALE_Helena.max-165x165.png", "width": 165, "height": 165, "focal_point_key": "", "image": 57}}, {"model": "wagtailimages.rendition", "pk": 74, "fields": {"filter_spec": "max-165x165", "file": "images/NAKIDDE_Whitney_Victorious.max-165x165.png", "width": 165, "height": 165, "focal_point_key": "", "image": 56}}, {"model": "wagtailimages.rendition", "pk": 75, "fields": {"filter_spec": "max-165x165", "file": "images/NAKIBUULE_Peace.max-165x165.png", "width": 165, "height": 165, "focal_point_key": "", "image": 55}}, {"model": "wagtailimages.rendition", "pk": 76, "fields": {"filter_spec": "max-165x165", "file": "images/NAKIBUUKA_Kusasira_Harriet.max-165x165.png", "width": 165, "height": 165, "focal_point_key": "", "image": 54}}, {"model": "wagtailimages.rendition", "pk": 77, "fields": {"filter_spec": "max-165x165", "file": "images/NAGIRINYA_Britney_Angel.max-165x165.png", "width": 165, "height": 165, "focal_point_key": "", "image": 53}}, {"model": "wagtailimages.rendition", "pk": 78, "fields": {"filter_spec": "max-165x165", "file": "images/MUWONGE_Twaha_WxEJUa0.max-165x165.png", "width": 165, "height": 165, "focal_point_key": "", "image": 52}}, {"model": "wagtailimages.rendition", "pk": 79, "fields": {"filter_spec": "max-165x165", "file": "images/KEZA_UWASE_Ruth_KiviZWP.max-165x165.png", "width": 165, "height": 165, "focal_point_key": "", "image": 51}}, {"model": "wagtailimages.rendition", "pk": 80, "fields": {"filter_spec": "max-165x165", "file": "images/Hanifah.max-165x165.png", "width": 165, "height": 165, "focal_point_key": "", "image": 50}}, {"model": "wagtailimages.rendition", "pk": 81, "fields": {"filter_spec": "max-165x165", "file": "images/ANGELLA_Nabukenya_Sot4pbN.max-165x165.png", "width": 165, "height": 165, "focal_point_key": "", "image": 49}}, {"model": "wagtailimages.rendition", "pk": 82, "fields": {"filter_spec": "max-165x165", "file": "images/AHIMBISIBWE_Daphine_nzPPk7l.max-165x165.png", "width": 165, "height": 165, "focal_point_key": "", "image": 48}}, {"model": "wagtailimages.rendition", "pk": 83, "fields": {"filter_spec": "original", "file": "images/image05.original.png", "width": 3888, "height": 2592, "focal_point_key": "", "image": 35}}, {"model": "wagtailimages.rendition", "pk": 84, "fields": {"filter_spec": "original", "file": "images/TUMWEBAZE_Frank.original.png", "width": 256, "height": 256, "focal_point_key": "", "image": 66}}, {"model": "wagtailimages.rendition", "pk": 85, "fields": {"filter_spec": "max-165x165", "file": "images/silver_E2EwijV.max-165x165.png", "width": 165, "height": 165, "focal_point_key": "", "image": 74}}, {"model": "wagtailimages.rendition", "pk": 86, "fields": {"filter_spec": "max-165x165", "file": "images/me_0lxw61C.max-165x165.png", "width": 165, "height": 165, "focal_point_key": "", "image": 73}}, {"model": "wagtailimages.rendition", "pk": 87, "fields": {"filter_spec": "max-165x165", "file": "images/kakooza_vMF1nO8.max-165x165.png", "width": 165, "height": 165, "focal_point_key": "", "image": 72}}, {"model": "wagtailimages.rendition", "pk": 88, "fields": {"filter_spec": "max-165x165", "file": "images/joseph_eopXWer.max-165x165.png", "width": 165, "height": 165, "focal_point_key": "", "image": 71}}, {"model": "wagtailimages.rendition", "pk": 89, "fields": {"filter_spec": "max-165x165", "file": "images/gabit_X8BKfmH.max-165x165.png", "width": 165, "height": 165, "focal_point_key": "", "image": 70}}, {"model": "wagtailimages.rendition", "pk": 90, "fields": {"filter_spec": "max-165x165", "file": "images/ddk_koKFc6q.max-165x165.png", "width": 165, "height": 165, "focal_point_key": "", "image": 69}}, {"model": "wagtailimages.rendition", "pk": 91, "fields": {"filter_spec": "max-165x165", "file": "images/bennie_PKiwviE.max-165x165.png", "width": 165, "height": 165, "focal_point_key": "", "image": 68}}, {"model": "wagtailimages.rendition", "pk": 92, "fields": {"filter_spec": "max-165x165", "file": "images/alex_i2LqwDH.max-165x165.png", "width": 165, "height": 165, "focal_point_key": "", "image": 67}}, {"model": "wagtailimages.rendition", "pk": 93, "fields": {"filter_spec": "max-165x165", "file": "images/moreen_SYCvO9z.max-165x165.png", "width": 165, "height": 165, "focal_point_key": "", "image": 75}}, {"model": "wagtailimages.rendition", "pk": 94, "fields": {"filter_spec": "original", "file": "images/me_0lxw61C.original.png", "width": 256, "height": 256, "focal_point_key": "", "image": 73}}, {"model": "wagtailimages.rendition", "pk": 95, "fields": {"filter_spec": "original", "file": "images/ydf3.original.png", "width": 4442, "height": 2952, "focal_point_key": "", "image": 20}}, {"model": "wagtailimages.rendition", "pk": 96, "fields": {"filter_spec": "max-165x165", "file": "images/vision2.max-165x165.png", "width": 165, "height": 109, "focal_point_key": "", "image": 76}}, {"model": "wagtailimages.rendition", "pk": 97, "fields": {"filter_spec": "original", "file": "images/vision2.original.png", "width": 828, "height": 550, "focal_point_key": "", "image": 76}}, {"model": "wagtailimages.rendition", "pk": 98, "fields": {"filter_spec": "original", "file": "images/alex_i2LqwDH.original.png", "width": 256, "height": 256, "focal_point_key": "", "image": 67}}, {"model": "wagtailimages.rendition", "pk": 99, "fields": {"filter_spec": "original", "file": "images/silver_E2EwijV.original.png", "width": 256, "height": 256, "focal_point_key": "", "image": 74}}, {"model": "wagtailimages.rendition", "pk": 100, "fields": {"filter_spec": "original", "file": "images/bennie_PKiwviE.original.png", "width": 256, "height": 256, "focal_point_key": "", "image": 68}}, {"model": "wagtailimages.rendition", "pk": 101, "fields": {"filter_spec": "original", "file": "images/joseph_eopXWer.original.png", "width": 256, "height": 256, "focal_point_key": "", "image": 71}}, {"model": "wagtailimages.rendition", "pk": 102, "fields": {"filter_spec": "original", "file": "images/gabit_X8BKfmH.original.png", "width": 256, "height": 256, "focal_point_key": "", "image": 70}}, {"model": "wagtailimages.rendition", "pk": 103, "fields": {"filter_spec": "original", "file": "images/ddk_koKFc6q.original.png", "width": 256, "height": 256, "focal_point_key": "", "image": 69}}, {"model": "wagtailimages.rendition", "pk": 104, "fields": {"filter_spec": "original", "file": "images/moreen_SYCvO9z.original.png", "width": 256, "height": 256, "focal_point_key": "", "image": 75}}, {"model": "wagtailimages.rendition", "pk": 105, "fields": {"filter_spec": "original", "file": "images/kakooza_vMF1nO8.original.png", "width": 256, "height": 256, "focal_point_key": "", "image": 72}}, {"model": "wagtailsearch.sqliteftsindexentry", "pk": 1, "fields": {"autocomplete": "22554890_1469690406446979_2556746862572782111_n", "title": "22554890_1469690406446979_2556746862572782111_n", "body": ""}}, {"model": "wagtailsearch.sqliteftsindexentry", "pk": 3, "fields": {"autocomplete": "crisis1", "title": "crisis1", "body": ""}}, {"model": "wagtailsearch.sqliteftsindexentry", "pk": 4, "fields": {"autocomplete": "education", "title": "education", "body": ""}}, {"model": "wagtailsearch.sqliteftsindexentry", "pk": 5, "fields": {"autocomplete": "crisis", "title": "crisis", "body": ""}}, {"model": "wagtailsearch.sqliteftsindexentry", "pk": 6, "fields": {"autocomplete": "education", "title": "education", "body": ""}}, {"model": "wagtailsearch.sqliteftsindexentry", "pk": 7, "fields": {"autocomplete": "1", "title": "1", "body": ""}}, {"model": "wagtailsearch.sqliteftsindexentry", "pk": 8, "fields": {"autocomplete": "cbc1", "title": "cbc1", "body": ""}}, {"model": "wagtailsearch.sqliteftsindexentry", "pk": 9, "fields": {"autocomplete": "cbc2", "title": "cbc2", "body": ""}}, {"model": "wagtailsearch.sqliteftsindexentry", "pk": 10, "fields": {"autocomplete": "cbc3", "title": "cbc3", "body": ""}}, {"model": "wagtailsearch.sqliteftsindexentry", "pk": 11, "fields": {"autocomplete": "cbc4", "title": "cbc4", "body": ""}}, {"model": "wagtailsearch.sqliteftsindexentry", "pk": 12, "fields": {"autocomplete": "image02", "title": "image02", "body": ""}}, {"model": "wagtailsearch.sqliteftsindexentry", "pk": 13, "fields": {"autocomplete": "image03", "title": "image03", "body": ""}}, {"model": "wagtailsearch.sqliteftsindexentry", "pk": 14, "fields": {"autocomplete": "image04", "title": "image04", "body": ""}}, {"model": "wagtailsearch.sqliteftsindexentry", "pk": 15, "fields": {"autocomplete": "main", "title": "main", "body": ""}}, {"model": "wagtailsearch.sqliteftsindexentry", "pk": 16, "fields": {"autocomplete": "party", "title": "party", "body": ""}}, {"model": "wagtailsearch.sqliteftsindexentry", "pk": 17, "fields": {"autocomplete": "pdf1", "title": "pdf1", "body": ""}}, {"model": "wagtailsearch.sqliteftsindexentry", "pk": 18, "fields": {"autocomplete": "pdf2", "title": "pdf2", "body": ""}}, {"model": "wagtailsearch.sqliteftsindexentry", "pk": 19, "fields": {"autocomplete": "ydf1", "title": "ydf1", "body": ""}}, {"model": "wagtailsearch.sqliteftsindexentry", "pk": 20, "fields": {"autocomplete": "ydf2", "title": "ydf2", "body": ""}}, {"model": "wagtailsearch.sqliteftsindexentry", "pk": 21, "fields": {"autocomplete": "ydf3", "title": "ydf3", "body": ""}}, {"model": "wagtailsearch.sqliteftsindexentry", "pk": 22, "fields": {"autocomplete": "alex", "title": "alex", "body": ""}}, {"model": "wagtailsearch.sqliteftsindexentry", "pk": 23, "fields": {"autocomplete": "bennie", "title": "bennie", "body": ""}}, {"model": "wagtailsearch.sqliteftsindexentry", "pk": 24, "fields": {"autocomplete": "ddk", "title": "ddk", "body": ""}}, {"model": "wagtailsearch.sqliteftsindexentry", "pk": 25, "fields": {"autocomplete": "gabit", "title": "gabit", "body": ""}}, {"model": "wagtailsearch.sqliteftsindexentry", "pk": 26, "fields": {"autocomplete": "joseph", "title": "joseph", "body": ""}}, {"model": "wagtailsearch.sqliteftsindexentry", "pk": 27, "fields": {"autocomplete": "kakooza", "title": "kakooza", "body": ""}}, {"model": "wagtailsearch.sqliteftsindexentry", "pk": 28, "fields": {"autocomplete": "me", "title": "me", "body": ""}}, {"model": "wagtailsearch.sqliteftsindexentry", "pk": 29, "fields": {"autocomplete": "moreen", "title": "moreen", "body": ""}}, {"model": "wagtailsearch.sqliteftsindexentry", "pk": 30, "fields": {"autocomplete": "silver", "title": "silver", "body": ""}}, {"model": "wagtailsearch.sqliteftsindexentry", "pk": 31, "fields": {"autocomplete": "gapyear", "title": "gapyear", "body": ""}}, {"model": "wagtailsearch.sqliteftsindexentry", "pk": 32, "fields": {"autocomplete": "gapYearStudents", "title": "gapYearStudents", "body": ""}}, {"model": "wagtailsearch.sqliteftsindexentry", "pk": 33, "fields": {"autocomplete": "help", "title": "help", "body": ""}}, {"model": "wagtailsearch.sqliteftsindexentry", "pk": 34, "fields": {"autocomplete": "image01", "title": "image01", "body": ""}}, {"model": "wagtailsearch.sqliteftsindexentry", "pk": 35, "fields": {"autocomplete": "image03", "title": "image03", "body": ""}}, {"model": "wagtailsearch.sqliteftsindexentry", "pk": 36, "fields": {"autocomplete": "image05", "title": "image05", "body": ""}}, {"model": "wagtailsearch.sqliteftsindexentry", "pk": 37, "fields": {"autocomplete": "mission", "title": "mission", "body": ""}}, {"model": "wagtailsearch.sqliteftsindexentry", "pk": 38, "fields": {"autocomplete": "participate1", "title": "participate1", "body": ""}}, {"model": "wagtailsearch.sqliteftsindexentry", "pk": 39, "fields": {"autocomplete": "participatebanner", "title": "participatebanner", "body": ""}}, {"model": "wagtailsearch.sqliteftsindexentry", "pk": 40, "fields": {"autocomplete": "tour", "title": "tour", "body": ""}}, {"model": "wagtailsearch.sqliteftsindexentry", "pk": 41, "fields": {"autocomplete": "tour2", "title": "tour2", "body": ""}}, {"model": "wagtailsearch.sqliteftsindexentry", "pk": 42, "fields": {"autocomplete": "toursMain", "title": "toursMain", "body": ""}}, {"model": "wagtailsearch.sqliteftsindexentry", "pk": 43, "fields": {"autocomplete": "twot", "title": "twot", "body": ""}}, {"model": "wagtailsearch.sqliteftsindexentry", "pk": 44, "fields": {"autocomplete": "Home", "title": "Home", "body": ""}}, {"model": "wagtailsearch.sqliteftsindexentry", "pk": 46, "fields": {"autocomplete": "Root", "title": "Root", "body": ""}}, {"model": "wagtailsearch.sqliteftsindexentry", "pk": 48, "fields": {"autocomplete": "Discipleship", "title": "Discipleship", "body": ""}}, {"model": "wagtailsearch.sqliteftsindexentry", "pk": 49, "fields": {"autocomplete": "Education", "title": "Education", "body": ""}}, {"model": "wagtailsearch.sqliteftsindexentry", "pk": 50, "fields": {"autocomplete": "Skilling", "title": "Skilling", "body": ""}}, {"model": "wagtailsearch.sqliteftsindexentry", "pk": 51, "fields": {"autocomplete": "AHIMBISIBWE Daphine", "title": "AHIMBISIBWE Daphine", "body": ""}}, {"model": "wagtailsearch.sqliteftsindexentry", "pk": 52, "fields": {"autocomplete": "Sponsor", "title": "Sponsor", "body": ""}}, {"model": "wagtailsearch.sqliteftsindexentry", "pk": 53, "fields": {"autocomplete": "KEZA UWASE Ruth", "title": "KEZA UWASE Ruth", "body": ""}}, {"model": "wagtailsearch.sqliteftsindexentry", "pk": 54, "fields": {"autocomplete": "Ayinebyona James", "title": "Ayinebyona James", "body": ""}}, {"model": "wagtailsearch.sqliteftsindexentry", "pk": 55, "fields": {"autocomplete": "ANGELLA Nabukenya", "title": "ANGELLA Nabukenya", "body": ""}}, {"model": "wagtailsearch.sqliteftsindexentry", "pk": 56, "fields": {"autocomplete": "MUWONGE Twaha", "title": "MUWONGE Twaha", "body": ""}}, {"model": "wagtailsearch.sqliteftsindexentry", "pk": 57, "fields": {"autocomplete": "sponsor", "title": "sponsor", "body": ""}}, {"model": "wagtailsearch.sqliteftsindexentry", "pk": 58, "fields": {"autocomplete": "Muwonge Twaha", "title": "Muwonge Twaha", "body": ""}}, {"model": "wagtailsearch.sqliteftsindexentry", "pk": 59, "fields": {"autocomplete": "AINEBYONA James", "title": "AINEBYONA James", "body": ""}}, {"model": "wagtailsearch.sqliteftsindexentry", "pk": 60, "fields": {"autocomplete": "AHIMBISIBWE Daphine", "title": "AHIMBISIBWE Daphine", "body": ""}}, {"model": "wagtailsearch.sqliteftsindexentry", "pk": 61, "fields": {"autocomplete": "ANGELLA Nabukenya", "title": "ANGELLA Nabukenya", "body": ""}}, {"model": "wagtailsearch.sqliteftsindexentry", "pk": 62, "fields": {"autocomplete": "Hanifah", "title": "Hanifah", "body": ""}}, {"model": "wagtailsearch.sqliteftsindexentry", "pk": 63, "fields": {"autocomplete": "KEZA UWASE Ruth", "title": "KEZA UWASE Ruth", "body": ""}}, {"model": "wagtailsearch.sqliteftsindexentry", "pk": 64, "fields": {"autocomplete": "MUWONGE Twaha", "title": "MUWONGE Twaha", "body": ""}}, {"model": "wagtailsearch.sqliteftsindexentry", "pk": 65, "fields": {"autocomplete": "NAGIRINYA Britney Angel", "title": "NAGIRINYA Britney Angel", "body": ""}}, {"model": "wagtailsearch.sqliteftsindexentry", "pk": 66, "fields": {"autocomplete": "NAKIBUUKA Kusasira Harriet", "title": "NAKIBUUKA Kusasira Harriet", "body": ""}}, {"model": "wagtailsearch.sqliteftsindexentry", "pk": 67, "fields": {"autocomplete": "NAKIBUULE Peace!", "title": "NAKIBUULE Peace!", "body": ""}}, {"model": "wagtailsearch.sqliteftsindexentry", "pk": 68, "fields": {"autocomplete": "NAKIDDE Whitney Victorious", "title": "NAKIDDE Whitney Victorious", "body": ""}}, {"model": "wagtailsearch.sqliteftsindexentry", "pk": 69, "fields": {"autocomplete": "NAMALE Helena", "title": "NAMALE Helena", "body": ""}}, {"model": "wagtailsearch.sqliteftsindexentry", "pk": 70, "fields": {"autocomplete": "NAMWANJE Daniella", "title": "NAMWANJE Daniella", "body": ""}}, {"model": "wagtailsearch.sqliteftsindexentry", "pk": 71, "fields": {"autocomplete": "NANKABIRWA Joan", "title": "NANKABIRWA Joan", "body": ""}}, {"model": "wagtailsearch.sqliteftsindexentry", "pk": 72, "fields": {"autocomplete": "NSHUTI Joshua", "title": "NSHUTI Joshua", "body": ""}}, {"model": "wagtailsearch.sqliteftsindexentry", "pk": 73, "fields": {"autocomplete": "ONYURA Rihana", "title": "ONYURA Rihana", "body": ""}}, {"model": "wagtailsearch.sqliteftsindexentry", "pk": 74, "fields": {"autocomplete": "REBEKAH Blessed", "title": "REBEKAH Blessed", "body": ""}}, {"model": "wagtailsearch.sqliteftsindexentry", "pk": 75, "fields": {"autocomplete": "SHAMMA Omoro", "title": "SHAMMA Omoro", "body": ""}}, {"model": "wagtailsearch.sqliteftsindexentry", "pk": 76, "fields": {"autocomplete": "SSEMPIJJA Edison", "title": "SSEMPIJJA Edison", "body": ""}}, {"model": "wagtailsearch.sqliteftsindexentry", "pk": 77, "fields": {"autocomplete": "SSEMUJJU Kingsley Favour", "title": "SSEMUJJU Kingsley Favour", "body": ""}}, {"model": "wagtailsearch.sqliteftsindexentry", "pk": 78, "fields": {"autocomplete": "TUMWEBAZE Frank", "title": "TUMWEBAZE Frank", "body": ""}}, {"model": "wagtailsearch.sqliteftsindexentry", "pk": 79, "fields": {"autocomplete": "contact", "title": "contact", "body": ""}}, {"model": "wagtailsearch.sqliteftsindexentry", "pk": 80, "fields": {"autocomplete": "Crisis Care", "title": "Crisis Care", "body": ""}}, {"model": "wagtailsearch.sqliteftsindexentry", "pk": 81, "fields": {"autocomplete": "about us", "title": "about us", "body": ""}}, {"model": "wagtailsearch.sqliteftsindexentry", "pk": 82, "fields": {"autocomplete": "alex", "title": "alex", "body": ""}}, {"model": "wagtailsearch.sqliteftsindexentry", "pk": 83, "fields": {"autocomplete": "bennie", "title": "bennie", "body": ""}}, {"model": "wagtailsearch.sqliteftsindexentry", "pk": 84, "fields": {"autocomplete": "ddk", "title": "ddk", "body": ""}}, {"model": "wagtailsearch.sqliteftsindexentry", "pk": 85, "fields": {"autocomplete": "gabit", "title": "gabit", "body": ""}}, {"model": "wagtailsearch.sqliteftsindexentry", "pk": 86, "fields": {"autocomplete": "joseph", "title": "joseph", "body": ""}}, {"model": "wagtailsearch.sqliteftsindexentry", "pk": 87, "fields": {"autocomplete": "kakooza", "title": "kakooza", "body": ""}}, {"model": "wagtailsearch.sqliteftsindexentry", "pk": 88, "fields": {"autocomplete": "me", "title": "me", "body": ""}}, {"model": "wagtailsearch.sqliteftsindexentry", "pk": 89, "fields": {"autocomplete": "silver", "title": "silver", "body": ""}}, {"model": "wagtailsearch.sqliteftsindexentry", "pk": 90, "fields": {"autocomplete": "Alex Gift Ngabonziza", "title": "Alex Gift Ngabonziza", "body": ""}}, {"model": "wagtailsearch.sqliteftsindexentry", "pk": 91, "fields": {"autocomplete": "Silver Brown", "title": "Silver Brown", "body": ""}}, {"model": "wagtailsearch.sqliteftsindexentry", "pk": 92, "fields": {"autocomplete": "Ingabire Benigne", "title": "Ingabire Benigne", "body": ""}}, {"model": "wagtailsearch.sqliteftsindexentry", "pk": 93, "fields": {"autocomplete": "Kizito Joseph", "title": "Kizito Joseph", "body": ""}}, {"model": "wagtailsearch.sqliteftsindexentry", "pk": 94, "fields": {"autocomplete": "Mukiibi Gabiti Joseph", "title": "Mukiibi Gabiti Joseph", "body": ""}}, {"model": "wagtailsearch.sqliteftsindexentry", "pk": 95, "fields": {"autocomplete": "Kobusingye Daphine", "title": "Kobusingye Daphine", "body": ""}}, {"model": "wagtailsearch.sqliteftsindexentry", "pk": 96, "fields": {"autocomplete": "moreen", "title": "moreen", "body": ""}}, {"model": "wagtailsearch.sqliteftsindexentry", "pk": 97, "fields": {"autocomplete": "Nakayiza Moreen", "title": "Nakayiza Moreen", "body": ""}}, {"model": "wagtailsearch.sqliteftsindexentry", "pk": 98, "fields": {"autocomplete": "Kakooza Francis", "title": "Kakooza Francis", "body": ""}}, {"model": "wagtailsearch.sqliteftsindexentry", "pk": 99, "fields": {"autocomplete": "Ssozi Paul", "title": "Ssozi Paul", "body": ""}}, {"model": "wagtailsearch.sqliteftsindexentry", "pk": 100, "fields": {"autocomplete": "vision2", "title": "vision2", "body": ""}}, {"model": "wagtailsearch.indexentry", "pk": 1, "fields": {"content_type": 6, "object_id": "1", "title_norm": 0.5425531914893617, "autocomplete": "22554890_1469690406446979_2556746862572782111_n", "title": "22554890_1469690406446979_2556746862572782111_n", "body": ""}}, {"model": "wagtailsearch.indexentry", "pk": 3, "fields": {"content_type": 6, "object_id": "2", "title_norm": 2.761904761904762, "autocomplete": "crisis1", "title": "crisis1", "body": ""}}, {"model": "wagtailsearch.indexentry", "pk": 4, "fields": {"content_type": 6, "object_id": "3", "title_norm": 1.8611111111111112, "autocomplete": "education", "title": "education", "body": ""}}, {"model": "wagtailsearch.indexentry", "pk": 5, "fields": {"content_type": 6, "object_id": "4", "title_norm": 2.433333333333333, "autocomplete": "crisis", "title": "crisis", "body": ""}}, {"model": "wagtailsearch.indexentry", "pk": 6, "fields": {"content_type": 6, "object_id": "5", "title_norm": 1.5185185185185184, "autocomplete": "education", "title": "education", "body": ""}}, {"model": "wagtailsearch.indexentry", "pk": 7, "fields": {"content_type": 6, "object_id": "6", "title_norm": 11.857142857142858, "autocomplete": "1", "title": "1", "body": ""}}, {"model": "wagtailsearch.indexentry", "pk": 8, "fields": {"content_type": 6, "object_id": "7", "title_norm": 2.71875, "autocomplete": "cbc1", "title": "cbc1", "body": ""}}, {"model": "wagtailsearch.indexentry", "pk": 9, "fields": {"content_type": 6, "object_id": "8", "title_norm": 2.5277777777777777, "autocomplete": "cbc2", "title": "cbc2", "body": ""}}, {"model": "wagtailsearch.indexentry", "pk": 10, "fields": {"content_type": 6, "object_id": "9", "title_norm": 2.375, "autocomplete": "cbc3", "title": "cbc3", "body": ""}}, {"model": "wagtailsearch.indexentry", "pk": 11, "fields": {"content_type": 6, "object_id": "10", "title_norm": 2.25, "autocomplete": "cbc4", "title": "cbc4", "body": ""}}, {"model": "wagtailsearch.indexentry", "pk": 12, "fields": {"content_type": 6, "object_id": "11", "title_norm": 1.261904761904762, "autocomplete": "image02", "title": "image02", "body": ""}}, {"model": "wagtailsearch.indexentry", "pk": 13, "fields": {"content_type": 6, "object_id": "12", "title_norm": 1.2417582417582416, "autocomplete": "image03", "title": "image03", "body": ""}}, {"model": "wagtailsearch.indexentry", "pk": 14, "fields": {"content_type": 6, "object_id": "13", "title_norm": 1.2244897959183674, "autocomplete": "image04", "title": "image04", "body": ""}}, {"model": "wagtailsearch.indexentry", "pk": 15, "fields": {"content_type": 6, "object_id": "14", "title_norm": 2.066666666666667, "autocomplete": "main", "title": "main", "body": ""}}, {"model": "wagtailsearch.indexentry", "pk": 16, "fields": {"content_type": 6, "object_id": "15", "title_norm": 1.6125, "autocomplete": "party", "title": "party", "body": ""}}, {"model": "wagtailsearch.indexentry", "pk": 17, "fields": {"content_type": 6, "object_id": "16", "title_norm": 1.9558823529411764, "autocomplete": "pdf1", "title": "pdf1", "body": ""}}, {"model": "wagtailsearch.indexentry", "pk": 18, "fields": {"content_type": 6, "object_id": "17", "title_norm": 1.9027777777777777, "autocomplete": "pdf2", "title": "pdf2", "body": ""}}, {"model": "wagtailsearch.indexentry", "pk": 19, "fields": {"content_type": 6, "object_id": "18", "title_norm": 1.855263157894737, "autocomplete": "ydf1", "title": "ydf1", "body": ""}}, {"model": "wagtailsearch.indexentry", "pk": 20, "fields": {"content_type": 6, "object_id": "19", "title_norm": 1.8125, "autocomplete": "ydf2", "title": "ydf2", "body": ""}}, {"model": "wagtailsearch.indexentry", "pk": 21, "fields": {"content_type": 6, "object_id": "20", "title_norm": 1.7738095238095237, "autocomplete": "ydf3", "title": "ydf3", "body": ""}}, {"model": "wagtailsearch.indexentry", "pk": 22, "fields": {"content_type": 6, "object_id": "21", "title_norm": 1.7386363636363635, "autocomplete": "alex", "title": "alex", "body": ""}}, {"model": "wagtailsearch.indexentry", "pk": 23, "fields": {"content_type": 6, "object_id": "22", "title_norm": 1.1521739130434783, "autocomplete": "bennie", "title": "bennie", "body": ""}}, {"model": "wagtailsearch.indexentry", "pk": 24, "fields": {"content_type": 6, "object_id": "23", "title_norm": 2.25, "autocomplete": "ddk", "title": "ddk", "body": ""}}, {"model": "wagtailsearch.indexentry", "pk": 25, "fields": {"content_type": 6, "object_id": "24", "title_norm": 1.3359999999999999, "autocomplete": "gabit", "title": "gabit", "body": ""}}, {"model": "wagtailsearch.indexentry", "pk": 26, "fields": {"content_type": 6, "object_id": "25", "title_norm": 1.108974358974359, "autocomplete": "joseph", "title": "joseph", "body": ""}}, {"model": "wagtailsearch.indexentry", "pk": 27, "fields": {"content_type": 6, "object_id": "26", "title_norm": 0.9523809523809524, "autocomplete": "kakooza", "title": "kakooza", "body": ""}}, {"model": "wagtailsearch.indexentry", "pk": 28, "fields": {"content_type": 6, "object_id": "27", "title_norm": 3.25, "autocomplete": "me", "title": "me", "body": ""}}, {"model": "wagtailsearch.indexentry", "pk": 29, "fields": {"content_type": 6, "object_id": "28", "title_norm": 1.0804597701149425, "autocomplete": "moreen", "title": "moreen", "body": ""}}, {"model": "wagtailsearch.indexentry", "pk": 30, "fields": {"content_type": 6, "object_id": "29", "title_norm": 1.0777777777777777, "autocomplete": "silver", "title": "silver", "body": ""}}, {"model": "wagtailsearch.indexentry", "pk": 31, "fields": {"content_type": 6, "object_id": "30", "title_norm": 0.9262672811059908, "autocomplete": "gapyear", "title": "gapyear", "body": ""}}, {"model": "wagtailsearch.indexentry", "pk": 32, "fields": {"content_type": 6, "object_id": "31", "title_norm": 0.45, "autocomplete": "gapYearStudents", "title": "gapYearStudents", "body": ""}}, {"model": "wagtailsearch.indexentry", "pk": 33, "fields": {"content_type": 6, "object_id": "32", "title_norm": 1.6666666666666667, "autocomplete": "help", "title": "help", "body": ""}}, {"model": "wagtailsearch.indexentry", "pk": 34, "fields": {"content_type": 6, "object_id": "33", "title_norm": 0.9537815126050421, "autocomplete": "image01", "title": "image01", "body": ""}}, {"model": "wagtailsearch.indexentry", "pk": 35, "fields": {"content_type": 6, "object_id": "34", "title_norm": 0.9551020408163265, "autocomplete": "image03", "title": "image03", "body": ""}}, {"model": "wagtailsearch.indexentry", "pk": 36, "fields": {"content_type": 6, "object_id": "35", "title_norm": 0.9563492063492064, "autocomplete": "image05", "title": "image05", "body": ""}}, {"model": "wagtailsearch.indexentry", "pk": 37, "fields": {"content_type": 6, "object_id": "36", "title_norm": 0.9575289575289575, "autocomplete": "mission", "title": "mission", "body": ""}}, {"model": "wagtailsearch.indexentry", "pk": 38, "fields": {"content_type": 6, "object_id": "37", "title_norm": 0.5701754385964912, "autocomplete": "participate1", "title": "participate1", "body": ""}}, {"model": "wagtailsearch.indexentry", "pk": 39, "fields": {"content_type": 6, "object_id": "38", "title_norm": 0.41779788838612364, "autocomplete": "participatebanner", "title": "participatebanner", "body": ""}}, {"model": "wagtailsearch.indexentry", "pk": 40, "fields": {"content_type": 6, "object_id": "39", "title_norm": 1.75625, "autocomplete": "tour", "title": "tour", "body": ""}}, {"model": "wagtailsearch.indexentry", "pk": 41, "fields": {"content_type": 6, "object_id": "40", "title_norm": 1.395121951219512, "autocomplete": "tour2", "title": "tour2", "body": ""}}, {"model": "wagtailsearch.indexentry", "pk": 42, "fields": {"content_type": 6, "object_id": "41", "title_norm": 0.7804232804232805, "autocomplete": "toursMain", "title": "toursMain", "body": ""}}, {"model": "wagtailsearch.indexentry", "pk": 43, "fields": {"content_type": 6, "object_id": "42", "title_norm": 1.7383720930232558, "autocomplete": "twot", "title": "twot", "body": ""}}, {"model": "wagtailsearch.indexentry", "pk": 44, "fields": {"content_type": 2, "object_id": "3", "title_norm": 1.7215909090909092, "autocomplete": "Home", "title": "Home", "body": ""}}, {"model": "wagtailsearch.indexentry", "pk": 46, "fields": {"content_type": 1, "object_id": "1", "title_norm": 1.733695652173913, "autocomplete": "Root", "title": "Root", "body": ""}}, {"model": "wagtailsearch.indexentry", "pk": 48, "fields": {"content_type": 50, "object_id": "7", "title_norm": 0.5833333333333334, "autocomplete": "Discipleship", "title": "Discipleship", "body": ""}}, {"model": "wagtailsearch.indexentry", "pk": 49, "fields": {"content_type": 52, "object_id": "8", "title_norm": 0.782608695652174, "autocomplete": "Education", "title": "Education", "body": ""}}, {"model": "wagtailsearch.indexentry", "pk": 50, "fields": {"content_type": 53, "object_id": "9", "title_norm": 0.8829787234042553, "autocomplete": "Skilling", "title": "Skilling", "body": ""}}, {"model": "wagtailsearch.indexentry", "pk": 51, "fields": {"content_type": 6, "object_id": "43", "title_norm": 0.3848684210526316, "autocomplete": "AHIMBISIBWE Daphine", "title": "AHIMBISIBWE Daphine", "body": ""}}, {"model": "wagtailsearch.indexentry", "pk": 52, "fields": {"content_type": 55, "object_id": "10", "title_norm": 1.043731778425656, "autocomplete": "Sponsor", "title": "Sponsor", "body": ""}}, {"model": "wagtailsearch.indexentry", "pk": 53, "fields": {"content_type": 6, "object_id": "44", "title_norm": 0.49733333333333335, "autocomplete": "KEZA UWASE Ruth", "title": "KEZA UWASE Ruth", "body": ""}}, {"model": "wagtailsearch.indexentry", "pk": 54, "fields": {"content_type": 6, "object_id": "45", "title_norm": 0.47671568627450983, "autocomplete": "Ayinebyona James", "title": "Ayinebyona James", "body": ""}}, {"model": "wagtailsearch.indexentry", "pk": 55, "fields": {"content_type": 6, "object_id": "46", "title_norm": 0.4592760180995475, "autocomplete": "ANGELLA Nabukenya", "title": "ANGELLA Nabukenya", "body": ""}}, {"model": "wagtailsearch.indexentry", "pk": 56, "fields": {"content_type": 6, "object_id": "47", "title_norm": 0.6081277213352685, "autocomplete": "MUWONGE Twaha", "title": "MUWONGE Twaha", "body": ""}}, {"model": "wagtailsearch.indexentry", "pk": 57, "fields": {"content_type": 56, "object_id": "11", "title_norm": 1.126984126984127, "autocomplete": "sponsor", "title": "sponsor", "body": ""}}, {"model": "wagtailsearch.indexentry", "pk": 58, "fields": {"content_type": 57, "object_id": "12", "title_norm": 0.6139860139860139, "autocomplete": "Muwonge Twaha", "title": "Muwonge Twaha", "body": ""}}, {"model": "wagtailsearch.indexentry", "pk": 59, "fields": {"content_type": 57, "object_id": "13", "title_norm": 0.5404761904761906, "autocomplete": "AINEBYONA James", "title": "AINEBYONA James", "body": ""}}, {"model": "wagtailsearch.indexentry", "pk": 60, "fields": {"content_type": 6, "object_id": "48", "title_norm": 0.43674976915974145, "autocomplete": "AHIMBISIBWE Daphine", "title": "AHIMBISIBWE Daphine", "body": ""}}, {"model": "wagtailsearch.indexentry", "pk": 61, "fields": {"content_type": 6, "object_id": "49", "title_norm": 0.4969574036511157, "autocomplete": "ANGELLA Nabukenya", "title": "ANGELLA Nabukenya", "body": ""}}, {"model": "wagtailsearch.indexentry", "pk": 62, "fields": {"content_type": 6, "object_id": "50", "title_norm": 1.2033898305084745, "autocomplete": "Hanifah", "title": "Hanifah", "body": ""}}, {"model": "wagtailsearch.indexentry", "pk": 63, "fields": {"content_type": 6, "object_id": "51", "title_norm": 0.5688888888888889, "autocomplete": "KEZA UWASE Ruth", "title": "KEZA UWASE Ruth", "body": ""}}, {"model": "wagtailsearch.indexentry", "pk": 64, "fields": {"content_type": 6, "object_id": "52", "title_norm": 0.6620428751576293, "autocomplete": "MUWONGE Twaha", "title": "MUWONGE Twaha", "body": ""}}, {"model": "wagtailsearch.indexentry", "pk": 65, "fields": {"content_type": 6, "object_id": "53", "title_norm": 0.38429172510518933, "autocomplete": "NAGIRINYA Britney Angel", "title": "NAGIRINYA Britney Angel", "body": ""}}, {"model": "wagtailsearch.indexentry", "pk": 66, "fields": {"content_type": 6, "object_id": "54", "title_norm": 0.3504273504273504, "autocomplete": "NAKIBUUKA Kusasira Harriet", "title": "NAKIBUUKA Kusasira Harriet", "body": ""}}, {"model": "wagtailsearch.indexentry", "pk": 67, "fields": {"content_type": 6, "object_id": "55", "title_norm": 0.576171875, "autocomplete": "NAKIBUULE Peace!", "title": "NAKIBUULE Peace!", "body": ""}}, {"model": "wagtailsearch.indexentry", "pk": 68, "fields": {"content_type": 6, "object_id": "56", "title_norm": 0.36449704142011835, "autocomplete": "NAKIDDE Whitney Victorious", "title": "NAKIDDE Whitney Victorious", "body": ""}}, {"model": "wagtailsearch.indexentry", "pk": 69, "fields": {"content_type": 6, "object_id": "57", "title_norm": 0.7331002331002332, "autocomplete": "NAMALE Helena", "title": "NAMALE Helena", "body": ""}}, {"model": "wagtailsearch.indexentry", "pk": 70, "fields": {"content_type": 6, "object_id": "58", "title_norm": 0.5671641791044777, "autocomplete": "NAMWANJE Daniella", "title": "NAMWANJE Daniella", "body": ""}}, {"model": "wagtailsearch.indexentry", "pk": 71, "fields": {"content_type": 6, "object_id": "59", "title_norm": 0.6480392156862745, "autocomplete": "NANKABIRWA Joan", "title": "NANKABIRWA Joan", "body": ""}}, {"model": "wagtailsearch.indexentry", "pk": 72, "fields": {"content_type": 6, "object_id": "60", "title_norm": 0.7513935340022297, "autocomplete": "NSHUTI Joshua", "title": "NSHUTI Joshua", "body": ""}}, {"model": "wagtailsearch.indexentry", "pk": 73, "fields": {"content_type": 6, "object_id": "61", "title_norm": 0.754945054945055, "autocomplete": "ONYURA Rihana", "title": "ONYURA Rihana", "body": ""}}, {"model": "wagtailsearch.indexentry", "pk": 74, "fields": {"content_type": 6, "object_id": "62", "title_norm": 0.6591549295774648, "autocomplete": "REBEKAH Blessed", "title": "REBEKAH Blessed", "body": ""}}, {"model": "wagtailsearch.indexentry", "pk": 75, "fields": {"content_type": 6, "object_id": "63", "title_norm": 0.8263888888888888, "autocomplete": "SHAMMA Omoro", "title": "SHAMMA Omoro", "body": ""}}, {"model": "wagtailsearch.indexentry", "pk": 76, "fields": {"content_type": 6, "object_id": "64", "title_norm": 0.625, "autocomplete": "SSEMPIJJA Edison", "title": "SSEMPIJJA Edison", "body": ""}}, {"model": "wagtailsearch.indexentry", "pk": 77, "fields": {"content_type": 6, "object_id": "65", "title_norm": 0.42454954954954954, "autocomplete": "SSEMUJJU Kingsley Favour", "title": "SSEMUJJU Kingsley Favour", "body": ""}}, {"model": "wagtailsearch.indexentry", "pk": 78, "fields": {"content_type": 6, "object_id": "66", "title_norm": 0.6835555555555556, "autocomplete": "TUMWEBAZE Frank", "title": "TUMWEBAZE Frank", "body": ""}}, {"model": "wagtailsearch.indexentry", "pk": 79, "fields": {"content_type": 59, "object_id": "14", "title_norm": 1.4586466165413534, "autocomplete": "contact", "title": "contact", "body": ""}}, {"model": "wagtailsearch.indexentry", "pk": 80, "fields": {"content_type": 60, "object_id": "15", "title_norm": 0.9291617473435655, "autocomplete": "Crisis Care", "title": "Crisis Care", "body": ""}}, {"model": "wagtailsearch.indexentry", "pk": 81, "fields": {"content_type": 63, "object_id": "16", "title_norm": 1.2740384615384615, "autocomplete": "about us", "title": "about us", "body": ""}}, {"model": "wagtailsearch.indexentry", "pk": 82, "fields": {"content_type": 6, "object_id": "67", "title_norm": 2.528481012658228, "autocomplete": "alex", "title": "alex", "body": ""}}, {"model": "wagtailsearch.indexentry", "pk": 83, "fields": {"content_type": 6, "object_id": "68", "title_norm": 1.6770833333333333, "autocomplete": "bennie", "title": "bennie", "body": ""}}, {"model": "wagtailsearch.indexentry", "pk": 84, "fields": {"content_type": 6, "object_id": "69", "title_norm": 3.325102880658436, "autocomplete": "ddk", "title": "ddk", "body": ""}}, {"model": "wagtailsearch.indexentry", "pk": 85, "fields": {"content_type": 6, "object_id": "70", "title_norm": 1.9829268292682927, "autocomplete": "gabit", "title": "gabit", "body": ""}}, {"model": "wagtailsearch.indexentry", "pk": 86, "fields": {"content_type": 6, "object_id": "71", "title_norm": 1.644578313253012, "autocomplete": "joseph", "title": "joseph", "body": ""}}, {"model": "wagtailsearch.indexentry", "pk": 87, "fields": {"content_type": 6, "object_id": "72", "title_norm": 1.4047619047619049, "autocomplete": "kakooza", "title": "kakooza", "body": ""}}, {"model": "wagtailsearch.indexentry", "pk": 88, "fields": {"content_type": 6, "object_id": "73", "title_norm": 4.870588235294117, "autocomplete": "me", "title": "me", "body": ""}}, {"model": "wagtailsearch.indexentry", "pk": 89, "fields": {"content_type": 6, "object_id": "74", "title_norm": 1.6162790697674418, "autocomplete": "silver", "title": "silver", "body": ""}}, {"model": "wagtailsearch.indexentry", "pk": 90, "fields": {"content_type": 65, "object_id": "17", "title_norm": 0.4908045977011494, "autocomplete": "Alex Gift Ngabonziza", "title": "Alex Gift Ngabonziza", "body": ""}}, {"model": "wagtailsearch.indexentry", "pk": 91, "fields": {"content_type": 65, "object_id": "18", "title_norm": 0.8200757575757577, "autocomplete": "Silver Brown", "title": "Silver Brown", "body": ""}}, {"model": "wagtailsearch.indexentry", "pk": 92, "fields": {"content_type": 65, "object_id": "19", "title_norm": 0.6193820224719101, "autocomplete": "Ingabire Benigne", "title": "Ingabire Benigne", "body": ""}}, {"model": "wagtailsearch.indexentry", "pk": 93, "fields": {"content_type": 65, "object_id": "20", "title_norm": 0.764957264957265, "autocomplete": "Kizito Joseph", "title": "Kizito Joseph", "body": ""}}, {"model": "wagtailsearch.indexentry", "pk": 94, "fields": {"content_type": 65, "object_id": "21", "title_norm": 0.4793301936159079, "autocomplete": "Mukiibi Gabiti Joseph", "title": "Mukiibi Gabiti Joseph", "body": ""}}, {"model": "wagtailsearch.indexentry", "pk": 95, "fields": {"content_type": 65, "object_id": "22", "title_norm": 0.5640096618357489, "autocomplete": "Kobusingye Daphine", "title": "Kobusingye Daphine", "body": ""}}, {"model": "wagtailsearch.indexentry", "pk": 96, "fields": {"content_type": 6, "object_id": "75", "title_norm": 1.6845878136200716, "autocomplete": "moreen", "title": "moreen", "body": ""}}, {"model": "wagtailsearch.indexentry", "pk": 97, "fields": {"content_type": 65, "object_id": "23", "title_norm": 0.677304964539007, "autocomplete": "Nakayiza Moreen", "title": "Nakayiza Moreen", "body": ""}}, {"model": "wagtailsearch.indexentry", "pk": 98, "fields": {"content_type": 65, "object_id": "24", "title_norm": 0.6807017543859649, "autocomplete": "Kakooza Francis", "title": "Kakooza Francis", "body": ""}}, {"model": "wagtailsearch.indexentry", "pk": 99, "fields": {"content_type": 65, "object_id": "25", "title_norm": 1.0208333333333335, "autocomplete": "Ssozi Paul", "title": "Ssozi Paul", "body": ""}}, {"model": "wagtailsearch.indexentry", "pk": 100, "fields": {"content_type": 6, "object_id": "76", "title_norm": 1.4536082474226804, "autocomplete": "vision2", "title": "vision2", "body": ""}}, {"model": "wagtailcore.locale", "pk": 1, "fields": {"language_code": "en"}}, {"model": "wagtailcore.site", "pk": 2, "fields": {"hostname": "localhost", "port": 80, "site_name": "", "root_page": 3, "is_default_site": true}}, {"model": "wagtailcore.modellogentry", "pk": 1, "fields": {"content_type": 21, "label": "localhost [default]", "action": "wagtail.edit", "data_json": "\"\"", "timestamp": "2022-04-27T18:51:00.903Z", "uuid": "bbfeead2-df8e-4174-950f-36794bdb5646", "user": 1, "content_changed": false, "deleted": false, "object_id": "2"}}, {"model": "wagtailcore.modellogentry", "pk": 2, "fields": {"content_type": 22, "label": "sponsorship waiting List", "action": "wagtail.create", "data_json": "\"\"", "timestamp": "2022-04-29T03:59:25.615Z", "uuid": "d569ac7b-aa48-4e08-9871-4d8f2da78eec", "user": 1, "content_changed": false, "deleted": false, "object_id": "2"}}, {"model": "wagtailcore.modellogentry", "pk": 3, "fields": {"content_type": 22, "label": "featured images", "action": "wagtail.create", "data_json": "\"\"", "timestamp": "2022-04-29T03:59:56.240Z", "uuid": "ec469c53-94c1-44e8-af1e-99abcc403d01", "user": 1, "content_changed": false, "deleted": false, "object_id": "3"}}, {"model": "wagtailcore.modellogentry", "pk": 4, "fields": {"content_type": 22, "label": "Volunteers", "action": "wagtail.create", "data_json": "\"\"", "timestamp": "2022-05-03T15:59:33.712Z", "uuid": "95688776-a051-4daa-8b0a-bc6062802575", "user": 1, "content_changed": false, "deleted": false, "object_id": "4"}}, {"model": "wagtailcore.collection", "pk": 1, "fields": {"path": "0001", "depth": 1, "numchild": 3, "name": "Root"}}, {"model": "wagtailcore.collection", "pk": 2, "fields": {"path": "00010003", "depth": 2, "numchild": 0, "name": "sponsorship waiting List"}}, {"model": "wagtailcore.collection", "pk": 3, "fields": {"path": "00010002", "depth": 2, "numchild": 0, "name": "featured images"}}, {"model": "wagtailcore.collection", "pk": 4, "fields": {"path": "00010001", "depth": 2, "numchild": 0, "name": "Volunteers"}}, {"model": "wagtailcore.groupcollectionpermission", "pk": 1, "fields": {"group": 2, "collection": 1, "permission": 2}}, {"model": "wagtailcore.groupcollectionpermission", "pk": 2, "fields": {"group": 1, "collection": 1, "permission": 2}}, {"model": "wagtailcore.groupcollectionpermission", "pk": 3, "fields": {"group": 2, "collection": 1, "permission": 3}}, {"model": "wagtailcore.groupcollectionpermission", "pk": 4, "fields": {"group": 1, "collection": 1, "permission": 3}}, {"model": "wagtailcore.groupcollectionpermission", "pk": 5, "fields": {"group": 2, "collection": 1, "permission": 5}}, {"model": "wagtailcore.groupcollectionpermission", "pk": 6, "fields": {"group": 1, "collection": 1, "permission": 5}}, {"model": "wagtailcore.groupcollectionpermission", "pk": 7, "fields": {"group": 2, "collection": 1, "permission": 6}}, {"model": "wagtailcore.groupcollectionpermission", "pk": 8, "fields": {"group": 1, "collection": 1, "permission": 6}}, {"model": "wagtailcore.groupcollectionpermission", "pk": 9, "fields": {"group": 2, "collection": 1, "permission": 7}}, {"model": "wagtailcore.groupcollectionpermission", "pk": 10, "fields": {"group": 1, "collection": 1, "permission": 7}}, {"model": "wagtailcore.groupcollectionpermission", "pk": 11, "fields": {"group": 2, "collection": 1, "permission": 9}}, {"model": "wagtailcore.groupcollectionpermission", "pk": 12, "fields": {"group": 1, "collection": 1, "permission": 9}}, {"model": "wagtailcore.groupcollectionpermission", "pk": 13, "fields": {"group": 2, "collection": 1, "permission": 176}}, {"model": "wagtailcore.groupcollectionpermission", "pk": 14, "fields": {"group": 1, "collection": 1, "permission": 176}}, {"model": "wagtailcore.groupcollectionpermission", "pk": 15, "fields": {"group": 2, "collection": 1, "permission": 177}}, {"model": "wagtailcore.groupcollectionpermission", "pk": 16, "fields": {"group": 1, "collection": 1, "permission": 177}}, {"model": "wagtailcore.page", "pk": 1, "fields": {"path": "0001", "depth": 1, "numchild": 1, "translation_key": "6ef6c7b9-4eca-4cb5-af85-0f7579f16fe2", "locale": 1, "title": "Root", "draft_title": "Root", "slug": "root", "content_type": 1, "live": true, "has_unpublished_changes": false, "url_path": "/", "owner": null, "seo_title": "", "show_in_menus": false, "search_description": "", "go_live_at": null, "expire_at": null, "expired": false, "locked": false, "locked_at": null, "locked_by": null, "first_published_at": null, "last_published_at": null, "latest_revision_created_at": null, "live_revision": null, "alias_of": null}}, {"model": "wagtailcore.page", "pk": 3, "fields": {"path": "00010001", "depth": 2, "numchild": 7, "translation_key": "bb782fed-2ca4-40bf-877e-6621f30c563b", "locale": 1, "title": "Home", "draft_title": "Home", "slug": "home", "content_type": 2, "live": true, "has_unpublished_changes": false, "url_path": "/home/", "owner": null, "seo_title": "", "show_in_menus": false, "search_description": "", "go_live_at": null, "expire_at": null, "expired": false, "locked": false, "locked_at": null, "locked_by": null, "first_published_at": "2022-04-27T16:25:18.609Z", "last_published_at": "2022-05-03T06:21:13.339Z", "latest_revision_created_at": "2022-05-03T06:21:12.720Z", "live_revision": 21, "alias_of": null}}, {"model": "wagtailcore.page", "pk": 7, "fields": {"path": "000100010001", "depth": 3, "numchild": 0, "translation_key": "3582fb8f-74fa-46ed-a09d-9bdd0535ed82", "locale": 1, "title": "Discipleship", "draft_title": "Discipleship", "slug": "discipleship", "content_type": 50, "live": true, "has_unpublished_changes": false, "url_path": "/home/discipleship/", "owner": 1, "seo_title": "", "show_in_menus": false, "search_description": "", "go_live_at": null, "expire_at": null, "expired": false, "locked": false, "locked_at": null, "locked_by": null, "first_published_at": "2022-04-28T02:22:03.028Z", "last_published_at": "2022-04-28T02:22:03.028Z", "latest_revision_created_at": "2022-04-28T02:22:02.523Z", "live_revision": 9, "alias_of": null}}, {"model": "wagtailcore.page", "pk": 8, "fields": {"path": "000100010002", "depth": 3, "numchild": 0, "translation_key": "0f9507cb-7cb7-4d4c-82f1-8f76256855b8", "locale": 1, "title": "Education", "draft_title": "Education", "slug": "education", "content_type": 52, "live": true, "has_unpublished_changes": false, "url_path": "/home/education/", "owner": 1, "seo_title": "", "show_in_menus": false, "search_description": "", "go_live_at": null, "expire_at": null, "expired": false, "locked": false, "locked_at": null, "locked_by": null, "first_published_at": "2022-04-28T02:45:22.449Z", "last_published_at": "2022-04-28T02:45:22.449Z", "latest_revision_created_at": "2022-04-28T02:45:22.034Z", "live_revision": 10, "alias_of": null}}, {"model": "wagtailcore.page", "pk": 9, "fields": {"path": "000100010003", "depth": 3, "numchild": 0, "translation_key": "73dd0529-be37-400b-b8c1-50047f569693", "locale": 1, "title": "Skilling", "draft_title": "Skilling", "slug": "skilling", "content_type": 53, "live": true, "has_unpublished_changes": false, "url_path": "/home/skilling/", "owner": 1, "seo_title": "", "show_in_menus": false, "search_description": "", "go_live_at": null, "expire_at": null, "expired": false, "locked": false, "locked_at": null, "locked_by": null, "first_published_at": "2022-04-28T02:49:21.191Z", "last_published_at": "2022-04-28T02:49:21.191Z", "latest_revision_created_at": "2022-04-28T02:49:20.785Z", "live_revision": 11, "alias_of": null}}, {"model": "wagtailcore.page", "pk": 11, "fields": {"path": "000100010004", "depth": 3, "numchild": 2, "translation_key": "bec8130d-1df1-4c01-ae17-3820f351ad6c", "locale": 1, "title": "sponsor", "draft_title": "sponsor", "slug": "sponsor", "content_type": 56, "live": true, "has_unpublished_changes": false, "url_path": "/home/sponsor/", "owner": 1, "seo_title": "", "show_in_menus": false, "search_description": "", "go_live_at": null, "expire_at": null, "expired": false, "locked": false, "locked_at": null, "locked_by": null, "first_published_at": "2022-04-28T16:37:34.501Z", "last_published_at": "2022-04-28T16:37:34.501Z", "latest_revision_created_at": "2022-04-28T16:37:34.098Z", "live_revision": 15, "alias_of": null}}, {"model": "wagtailcore.page", "pk": 12, "fields": {"path": "0001000100040001", "depth": 4, "numchild": 0, "translation_key": "f63ebcb1-d458-4efa-8f75-ace5e8c37593", "locale": 1, "title": "Muwonge Twaha", "draft_title": "Muwonge Twaha", "slug": "muwonge-twaha", "content_type": 57, "live": true, "has_unpublished_changes": false, "url_path": "/home/sponsor/muwonge-twaha/", "owner": 1, "seo_title": "", "show_in_menus": false, "search_description": "", "go_live_at": null, "expire_at": null, "expired": false, "locked": false, "locked_at": null, "locked_by": null, "first_published_at": "2022-04-28T17:01:40.737Z", "last_published_at": "2022-04-28T17:12:02.111Z", "latest_revision_created_at": "2022-04-28T17:12:01.554Z", "live_revision": 18, "alias_of": null}}, {"model": "wagtailcore.page", "pk": 13, "fields": {"path": "0001000100040002", "depth": 4, "numchild": 0, "translation_key": "108384c4-a3ce-47b6-8b69-778e84de8b0f", "locale": 1, "title": "AINEBYONA James", "draft_title": "AINEBYONA James", "slug": "ainebyona-james", "content_type": 57, "live": true, "has_unpublished_changes": false, "url_path": "/home/sponsor/ainebyona-james/", "owner": 1, "seo_title": "", "show_in_menus": false, "search_description": "", "go_live_at": null, "expire_at": null, "expired": false, "locked": false, "locked_at": null, "locked_by": null, "first_published_at": "2022-04-28T18:04:10.449Z", "last_published_at": "2022-04-28T18:04:10.449Z", "latest_revision_created_at": "2022-04-28T18:04:10.018Z", "live_revision": 19, "alias_of": null}}, {"model": "wagtailcore.page", "pk": 14, "fields": {"path": "000100010005", "depth": 3, "numchild": 0, "translation_key": "ef1a8745-c88a-4713-b779-e04ab459dc77", "locale": 1, "title": "contact", "draft_title": "contact", "slug": "contact", "content_type": 59, "live": true, "has_unpublished_changes": false, "url_path": "/home/contact/", "owner": 1, "seo_title": "", "show_in_menus": false, "search_description": "", "go_live_at": null, "expire_at": null, "expired": false, "locked": false, "locked_at": null, "locked_by": null, "first_published_at": "2022-04-29T05:01:43.386Z", "last_published_at": "2022-04-29T05:01:43.386Z", "latest_revision_created_at": "2022-04-29T05:01:42.837Z", "live_revision": 20, "alias_of": null}}, {"model": "wagtailcore.page", "pk": 15, "fields": {"path": "000100010006", "depth": 3, "numchild": 0, "translation_key": "36234362-3174-4c0d-9741-eeda6577c55b", "locale": 1, "title": "Crisis Care", "draft_title": "Crisis Care", "slug": "crisis-care", "content_type": 60, "live": true, "has_unpublished_changes": false, "url_path": "/home/crisis-care/", "owner": 1, "seo_title": "", "show_in_menus": false, "search_description": "", "go_live_at": null, "expire_at": null, "expired": false, "locked": false, "locked_at": null, "locked_by": null, "first_published_at": "2022-05-03T08:56:32.444Z", "last_published_at": "2022-05-03T10:41:13.921Z", "latest_revision_created_at": "2022-05-03T10:41:13.256Z", "live_revision": 23, "alias_of": null}}, {"model": "wagtailcore.page", "pk": 16, "fields": {"path": "000100010007", "depth": 3, "numchild": 9, "translation_key": "68504838-759b-4166-a74a-27082e571a4f", "locale": 1, "title": "about us", "draft_title": "about us", "slug": "about-us", "content_type": 63, "live": true, "has_unpublished_changes": false, "url_path": "/home/about-us/", "owner": 1, "seo_title": "", "show_in_menus": false, "search_description": "", "go_live_at": null, "expire_at": null, "expired": false, "locked": false, "locked_at": null, "locked_by": null, "first_published_at": "2022-05-03T15:57:38.384Z", "last_published_at": "2022-05-03T18:49:56.898Z", "latest_revision_created_at": "2022-05-03T18:49:56.445Z", "live_revision": 42, "alias_of": null}}, {"model": "wagtailcore.page", "pk": 17, "fields": {"path": "0001000100070001", "depth": 4, "numchild": 0, "translation_key": "856c74f2-a417-44b9-b2c9-5f978cacc4d9", "locale": 1, "title": "Alex Gift Ngabonziza", "draft_title": "Alex Gift Ngabonziza", "slug": "alex-gift-ngabonziza", "content_type": 65, "live": true, "has_unpublished_changes": false, "url_path": "/home/about-us/alex-gift-ngabonziza/", "owner": 1, "seo_title": "", "show_in_menus": false, "search_description": "", "go_live_at": null, "expire_at": null, "expired": false, "locked": false, "locked_at": null, "locked_by": null, "first_published_at": "2022-05-03T16:10:17.369Z", "last_published_at": "2022-05-03T16:10:17.369Z", "latest_revision_created_at": "2022-05-03T16:10:16.910Z", "live_revision": 25, "alias_of": null}}, {"model": "wagtailcore.page", "pk": 18, "fields": {"path": "0001000100070002", "depth": 4, "numchild": 0, "translation_key": "a8aa27f6-bd26-43b0-afe9-2013f57d0277", "locale": 1, "title": "Silver Brown", "draft_title": "Silver Brown", "slug": "silver-brown", "content_type": 65, "live": true, "has_unpublished_changes": false, "url_path": "/home/about-us/silver-brown/", "owner": 1, "seo_title": "", "show_in_menus": false, "search_description": "", "go_live_at": null, "expire_at": null, "expired": false, "locked": false, "locked_at": null, "locked_by": null, "first_published_at": "2022-05-03T16:13:07.626Z", "last_published_at": "2022-05-03T16:13:07.626Z", "latest_revision_created_at": "2022-05-03T16:13:07.104Z", "live_revision": 26, "alias_of": null}}, {"model": "wagtailcore.page", "pk": 19, "fields": {"path": "0001000100070003", "depth": 4, "numchild": 0, "translation_key": "b537a400-0f3d-47d8-add2-93c36c9994c5", "locale": 1, "title": "Ingabire Benigne", "draft_title": "Ingabire Benigne", "slug": "ingabire-benigne", "content_type": 65, "live": true, "has_unpublished_changes": false, "url_path": "/home/about-us/ingabire-benigne/", "owner": 1, "seo_title": "", "show_in_menus": false, "search_description": "", "go_live_at": null, "expire_at": null, "expired": false, "locked": false, "locked_at": null, "locked_by": null, "first_published_at": "2022-05-03T16:16:21.150Z", "last_published_at": "2022-05-03T16:16:21.150Z", "latest_revision_created_at": "2022-05-03T16:16:20.688Z", "live_revision": 27, "alias_of": null}}, {"model": "wagtailcore.page", "pk": 20, "fields": {"path": "0001000100070004", "depth": 4, "numchild": 0, "translation_key": "a5fad112-0a87-4b18-beed-bcb9b5e8ff79", "locale": 1, "title": "Kizito Joseph", "draft_title": "Kizito Joseph", "slug": "kizito-joseph", "content_type": 65, "live": true, "has_unpublished_changes": false, "url_path": "/home/about-us/kizito-joseph/", "owner": 1, "seo_title": "", "show_in_menus": false, "search_description": "", "go_live_at": null, "expire_at": null, "expired": false, "locked": false, "locked_at": null, "locked_by": null, "first_published_at": "2022-05-03T16:20:22.554Z", "last_published_at": "2022-05-03T16:20:22.554Z", "latest_revision_created_at": "2022-05-03T16:20:22.127Z", "live_revision": 28, "alias_of": null}}, {"model": "wagtailcore.page", "pk": 21, "fields": {"path": "0001000100070005", "depth": 4, "numchild": 0, "translation_key": "e1d9dc6e-3dce-4dd3-83fd-44e92bcfaa9f", "locale": 1, "title": "Mukiibi Gabiti Joseph", "draft_title": "Mukiibi Gabiti Joseph", "slug": "mukiibi-gabiti-joseph", "content_type": 65, "live": true, "has_unpublished_changes": false, "url_path": "/home/about-us/mukiibi-gabiti-joseph/", "owner": 1, "seo_title": "", "show_in_menus": false, "search_description": "", "go_live_at": null, "expire_at": null, "expired": false, "locked": false, "locked_at": null, "locked_by": null, "first_published_at": "2022-05-03T16:23:00.316Z", "last_published_at": "2022-05-03T16:23:00.316Z", "latest_revision_created_at": "2022-05-03T16:22:59.850Z", "live_revision": 29, "alias_of": null}}, {"model": "wagtailcore.page", "pk": 22, "fields": {"path": "0001000100070006", "depth": 4, "numchild": 0, "translation_key": "4bcb67fb-f88f-48c4-a543-32ef51e6d515", "locale": 1, "title": "Kobusingye Daphine", "draft_title": "Kobusingye Daphine", "slug": "kobusingye-daphine", "content_type": 65, "live": true, "has_unpublished_changes": false, "url_path": "/home/about-us/kobusingye-daphine/", "owner": 1, "seo_title": "", "show_in_menus": false, "search_description": "", "go_live_at": null, "expire_at": null, "expired": false, "locked": false, "locked_at": null, "locked_by": null, "first_published_at": "2022-05-03T16:26:17.580Z", "last_published_at": "2022-05-03T16:26:17.580Z", "latest_revision_created_at": "2022-05-03T16:26:17.152Z", "live_revision": 30, "alias_of": null}}, {"model": "wagtailcore.page", "pk": 23, "fields": {"path": "0001000100070007", "depth": 4, "numchild": 0, "translation_key": "57fb436e-aa51-4a83-adb0-081b2fdba9cd", "locale": 1, "title": "Nakayiza Moreen", "draft_title": "Nakayiza Moreen", "slug": "nakayiza-moreen", "content_type": 65, "live": true, "has_unpublished_changes": false, "url_path": "/home/about-us/nakayiza-moreen/", "owner": 1, "seo_title": "", "show_in_menus": false, "search_description": "", "go_live_at": null, "expire_at": null, "expired": false, "locked": false, "locked_at": null, "locked_by": null, "first_published_at": "2022-05-03T16:29:45.397Z", "last_published_at": "2022-05-03T16:29:45.397Z", "latest_revision_created_at": "2022-05-03T16:29:44.979Z", "live_revision": 31, "alias_of": null}}, {"model": "wagtailcore.page", "pk": 24, "fields": {"path": "0001000100070008", "depth": 4, "numchild": 0, "translation_key": "c1a5a61f-cdf6-4414-861a-5b128af594e6", "locale": 1, "title": "Kakooza Francis", "draft_title": "Kakooza Francis", "slug": "kakooza-francis", "content_type": 65, "live": true, "has_unpublished_changes": false, "url_path": "/home/about-us/kakooza-francis/", "owner": 1, "seo_title": "", "show_in_menus": false, "search_description": "", "go_live_at": null, "expire_at": null, "expired": false, "locked": false, "locked_at": null, "locked_by": null, "first_published_at": "2022-05-03T16:34:04.132Z", "last_published_at": "2022-05-03T16:34:04.132Z", "latest_revision_created_at": "2022-05-03T16:34:03.715Z", "live_revision": 32, "alias_of": null}}, {"model": "wagtailcore.page", "pk": 25, "fields": {"path": "0001000100070009", "depth": 4, "numchild": 0, "translation_key": "e60a8dae-6333-4bbe-9ee2-aefa5c1d811d", "locale": 1, "title": "Ssozi Paul", "draft_title": "Ssozi Paul", "slug": "ssozi-paul", "content_type": 65, "live": true, "has_unpublished_changes": false, "url_path": "/home/about-us/ssozi-paul/", "owner": 1, "seo_title": "", "show_in_menus": false, "search_description": "", "go_live_at": null, "expire_at": null, "expired": false, "locked": false, "locked_at": null, "locked_by": null, "first_published_at": "2022-05-03T16:37:44.587Z", "last_published_at": "2022-05-03T16:37:44.587Z", "latest_revision_created_at": "2022-05-03T16:37:44.092Z", "live_revision": 33, "alias_of": null}}, {"model": "wagtailcore.pagerevision", "pk": 4, "fields": {"page": 3, "submitted_for_moderation": false, "created_at": "2022-04-27T16:25:17.922Z", "user": 1, "content_json": "{\"pk\": 3, \"path\": \"00010001\", \"depth\": 2, \"numchild\": 1, \"translation_key\": \"bb782fed-2ca4-40bf-877e-6621f30c563b\", \"locale\": 1, \"title\": \"Home\", \"draft_title\": \"Home\", \"slug\": \"home\", \"content_type\": 2, \"live\": true, \"has_unpublished_changes\": false, \"url_path\": \"/home/\", \"owner\": null, \"seo_title\": \"\", \"show_in_menus\": false, \"search_description\": \"\", \"go_live_at\": null, \"expire_at\": null, \"expired\": false, \"locked\": false, \"locked_at\": null, \"locked_by\": null, \"first_published_at\": null, \"last_published_at\": null, \"latest_revision_created_at\": null, \"live_revision\": null, \"alias_of\": null, \"page_title\": \"Home\", \"current_need\": \"\", \"current_need_link\": \"/sponsor\", \"wagtail_admin_comments\": [], \"carousel_items\": [{\"pk\": null, \"sort_order\": 0, \"page\": 3, \"image\": 34, \"image_title\": \"Child Sponsorship\", \"image_intro\": \"<p data-block-key=\\\"yije4\\\">Ut velit est quam dolor ad a aliquid qui aliquid. Sequi ea ut et est quaerat sequi nihil ut aliquam. Occaecati alias dolorem mollitia ut. Similique ea voluptatem. Esse doloremque accusamus repellendus deleniti vel. Minus et tempore modi architecto.</p>\", \"image_link\": \"/child_sponsorship\"}, {\"pk\": null, \"sort_order\": 1, \"page\": 3, \"image\": 36, \"image_title\": \"SCU MISSIONS\", \"image_intro\": \"<p data-block-key=\\\"yije4\\\">Ut velit est quam dolor ad a aliquid qui aliquid. Sequi ea ut et est quaerat sequi nihil ut aliquam. Occaecati alias dolorem mollitia ut. Similique ea voluptatem. Esse doloremque accusamus repellendus deleniti vel. Minus et tempore modi architecto.</p>\", \"image_link\": \"/missions\"}, {\"pk\": null, \"sort_order\": 2, \"page\": 3, \"image\": 31, \"image_title\": \"Gap Year students\", \"image_intro\": \"<p data-block-key=\\\"yije4\\\">Ut velit est quam dolor ad a aliquid qui aliquid. Sequi ea ut et est quaerat sequi nihil ut aliquam. Occaecati alias dolorem mollitia ut. Similique ea voluptatem. Esse doloremque accusamus repellendus deleniti vel. Minus et tempore modi architecto.</p>\", \"image_link\": \"/gap_year\"}, {\"pk\": null, \"sort_order\": 3, \"page\": 3, \"image\": 32, \"image_title\": \"Crisis Care\", \"image_intro\": \"<p data-block-key=\\\"yije4\\\">Ut velit est quam dolor ad a aliquid qui aliquid. Sequi ea ut et est quaerat sequi nihil ut aliquam. Occaecati alias dolorem mollitia ut. Similique ea voluptatem. Esse doloremque accusamus repellendus deleniti vel. Minus et tempore modi architecto.</p>\", \"image_link\": \"/crisis_care\"}, {\"pk\": null, \"sort_order\": 4, \"page\": 3, \"image\": 37, \"image_title\": \"Children Bible Clubs\", \"image_intro\": \"<p data-block-key=\\\"gykml\\\">Ut velit est quam dolor ad a aliquid qui aliquid. Sequi ea ut et est quaerat sequi nihil ut aliquam. Occaecati alias dolorem mollitia ut. Similique ea voluptatem. Esse doloremque accusamus repellendus deleniti vel. Minus et tempore modi architecto.</p>\", \"image_link\": \"/cbc\"}], \"cards\": [{\"pk\": null, \"sort_order\": 0, \"page\": 3, \"title\": \"What we do.\", \"intro\": \"<p data-block-key=\\\"8iw91\\\">We reach out to those in need of a helping hand through our different programs including;</p><ul><li data-block-key=\\\"5t1a0\\\"><b>Discipleship &amp; Evangelism</b></li><li data-block-key=\\\"4ti46\\\"><b>Education Support</b></li><li data-block-key=\\\"69hp0\\\"><b>Skilling</b></li><li data-block-key=\\\"7jkkk\\\"><b>Crisis care &amp; Management</b></li></ul>\", \"icon_class\": \"bi bi-briefcase-fill\"}, {\"pk\": null, \"sort_order\": 1, \"page\": 3, \"title\": \"How to get involved?\", \"intro\": \"<p data-block-key=\\\"8iw91\\\">You too can be part of this work through praying with us, Visiting us, or donating to us.</p>\", \"icon_class\": \"bi bi-question-circle-fill\"}, {\"pk\": null, \"sort_order\": 2, \"page\": 3, \"title\": \"Who we are?\", \"intro\": \"<p data-block-key=\\\"najfn\\\">Smile charity Uganda we are a helping hand to those in need. We are a hand up not a hand hand out. We envision holistically empowered and transformed lives through our working mechanism DESC which stands for Discipleship and Evangelism, Education Support, Skilling and Crisis management.</p>\", \"icon_class\": \"bi bi-clipboard2-fill\"}]}", "approved_go_live_at": null}}, {"model": "wagtailcore.pagerevision", "pk": 5, "fields": {"page": 3, "submitted_for_moderation": false, "created_at": "2022-04-27T16:30:14.290Z", "user": 1, "content_json": "{\"pk\": 3, \"path\": \"00010001\", \"depth\": 2, \"numchild\": 1, \"translation_key\": \"bb782fed-2ca4-40bf-877e-6621f30c563b\", \"locale\": 1, \"title\": \"Home\", \"draft_title\": \"Home\", \"slug\": \"home\", \"content_type\": 2, \"live\": true, \"has_unpublished_changes\": false, \"url_path\": \"/home/\", \"owner\": null, \"seo_title\": \"\", \"show_in_menus\": false, \"search_description\": \"\", \"go_live_at\": null, \"expire_at\": null, \"expired\": false, \"locked\": false, \"locked_at\": null, \"locked_by\": null, \"first_published_at\": \"2022-04-27T16:25:18.609Z\", \"last_published_at\": \"2022-04-27T16:25:18.609Z\", \"latest_revision_created_at\": \"2022-04-27T16:25:17.922Z\", \"live_revision\": 4, \"alias_of\": null, \"page_title\": \"Home\", \"current_need\": \"\", \"current_need_link\": \"/sponsor\", \"wagtail_admin_comments\": [], \"carousel_items\": [{\"pk\": 2, \"sort_order\": 0, \"page\": 3, \"image\": 34, \"image_title\": \"Child Sponsorship\", \"image_intro\": \"<p data-block-key=\\\"yije4\\\">Ut velit est quam dolor ad a aliquid qui aliquid. Sequi ea ut et est quaerat sequi nihil ut aliquam. Occaecati alias dolorem mollitia ut. Similique ea voluptatem. Esse doloremque accusamus repellendus deleniti vel. Minus et tempore modi architecto.</p>\", \"image_link\": \"/child_sponsorship\"}, {\"pk\": 3, \"sort_order\": 1, \"page\": 3, \"image\": 36, \"image_title\": \"SCU MISSIONS\", \"image_intro\": \"<p data-block-key=\\\"yije4\\\">Ut velit est quam dolor ad a aliquid qui aliquid. Sequi ea ut et est quaerat sequi nihil ut aliquam. Occaecati alias dolorem mollitia ut. Similique ea voluptatem. Esse doloremque accusamus repellendus deleniti vel. Minus et tempore modi architecto.</p>\", \"image_link\": \"/missions\"}, {\"pk\": 4, \"sort_order\": 2, \"page\": 3, \"image\": 31, \"image_title\": \"Gap Year students\", \"image_intro\": \"<p data-block-key=\\\"yije4\\\">Ut velit est quam dolor ad a aliquid qui aliquid. Sequi ea ut et est quaerat sequi nihil ut aliquam. Occaecati alias dolorem mollitia ut. Similique ea voluptatem. Esse doloremque accusamus repellendus deleniti vel. Minus et tempore modi architecto.</p>\", \"image_link\": \"/gap_year\"}, {\"pk\": 5, \"sort_order\": 3, \"page\": 3, \"image\": 32, \"image_title\": \"Crisis Care\", \"image_intro\": \"<p data-block-key=\\\"yije4\\\">Ut velit est quam dolor ad a aliquid qui aliquid. Sequi ea ut et est quaerat sequi nihil ut aliquam. Occaecati alias dolorem mollitia ut. Similique ea voluptatem. Esse doloremque accusamus repellendus deleniti vel. Minus et tempore modi architecto.</p>\", \"image_link\": \"/crisis_care\"}, {\"pk\": 6, \"sort_order\": 4, \"page\": 3, \"image\": 37, \"image_title\": \"Children Bible Clubs\", \"image_intro\": \"<p data-block-key=\\\"gykml\\\">Ut velit est quam dolor ad a aliquid qui aliquid. Sequi ea ut et est quaerat sequi nihil ut aliquam. Occaecati alias dolorem mollitia ut. Similique ea voluptatem. Esse doloremque accusamus repellendus deleniti vel. Minus et tempore modi architecto.</p>\", \"image_link\": \"/cbc\"}], \"cards\": [{\"pk\": 4, \"sort_order\": 0, \"page\": 3, \"title\": \"What we do.\", \"intro\": \"<p data-block-key=\\\"8iw91\\\">We reach out to those in need of a helping hand through our different programs including;</p><ul><li data-block-key=\\\"5t1a0\\\"><b>Discipleship &amp; Evangelism</b></li><li data-block-key=\\\"4ti46\\\"><b>Education Support</b></li><li data-block-key=\\\"69hp0\\\"><b>Skilling</b></li><li data-block-key=\\\"7jkkk\\\"><b>Crisis care &amp; Management</b></li></ul>\", \"icon_class\": \"bi bi-briefcase-fill\"}, {\"pk\": 5, \"sort_order\": 1, \"page\": 3, \"title\": \"How to get involved?\", \"intro\": \"<p data-block-key=\\\"8iw91\\\">You too can be part of this work through praying with us, Visiting us, or donating to us.</p>\", \"icon_class\": \"bi bi-question-circle-fill\"}, {\"pk\": 6, \"sort_order\": 2, \"page\": 3, \"title\": \"Who we are?\", \"intro\": \"<p data-block-key=\\\"najfn\\\">Smile charity Uganda we are a helping hand to those in need. We are a hand up not a hand hand out. We envision holistically empowered and transformed lives through our working mechanism DESC which stands for Discipleship and Evangelism, Education Support, Skilling and Crisis management.</p>\", \"icon_class\": \"bi bi-emoji-smile-fill\"}]}", "approved_go_live_at": null}}, {"model": "wagtailcore.pagerevision", "pk": 6, "fields": {"page": 3, "submitted_for_moderation": false, "created_at": "2022-04-27T17:37:18.062Z", "user": 1, "content_json": "{\"pk\": 3, \"path\": \"00010001\", \"depth\": 2, \"numchild\": 1, \"translation_key\": \"bb782fed-2ca4-40bf-877e-6621f30c563b\", \"locale\": 1, \"title\": \"Home\", \"draft_title\": \"Home\", \"slug\": \"home\", \"content_type\": 2, \"live\": true, \"has_unpublished_changes\": false, \"url_path\": \"/home/\", \"owner\": null, \"seo_title\": \"\", \"show_in_menus\": false, \"search_description\": \"\", \"go_live_at\": null, \"expire_at\": null, \"expired\": false, \"locked\": false, \"locked_at\": null, \"locked_by\": null, \"first_published_at\": \"2022-04-27T16:25:18.609Z\", \"last_published_at\": \"2022-04-27T16:30:14.948Z\", \"latest_revision_created_at\": \"2022-04-27T16:30:14.290Z\", \"live_revision\": 5, \"alias_of\": null, \"page_title\": \"Home\", \"current_need\": \"\", \"current_need_link\": \"/sponsor\", \"wagtail_admin_comments\": [], \"carousel_items\": [{\"pk\": 3, \"sort_order\": 0, \"page\": 3, \"image\": 36, \"image_title\": \"SCU MISSIONS\", \"image_intro\": \"<p data-block-key=\\\"yije4\\\">Ut velit est quam dolor ad a aliquid qui aliquid. Sequi ea ut et est quaerat sequi nihil ut aliquam. Occaecati alias dolorem mollitia ut. Similique ea voluptatem. Esse doloremque accusamus repellendus deleniti vel. Minus et tempore modi architecto.</p>\", \"image_link\": \"/missions\"}, {\"pk\": 4, \"sort_order\": 1, \"page\": 3, \"image\": 31, \"image_title\": \"Gap Year students\", \"image_intro\": \"<p data-block-key=\\\"yije4\\\">Ut velit est quam dolor ad a aliquid qui aliquid. Sequi ea ut et est quaerat sequi nihil ut aliquam. Occaecati alias dolorem mollitia ut. Similique ea voluptatem. Esse doloremque accusamus repellendus deleniti vel. Minus et tempore modi architecto.</p>\", \"image_link\": \"/gap_year\"}, {\"pk\": 6, \"sort_order\": 2, \"page\": 3, \"image\": 37, \"image_title\": \"Children Bible Clubs\", \"image_intro\": \"<p data-block-key=\\\"gykml\\\">Ut velit est quam dolor ad a aliquid qui aliquid. Sequi ea ut et est quaerat sequi nihil ut aliquam. Occaecati alias dolorem mollitia ut. Similique ea voluptatem. Esse doloremque accusamus repellendus deleniti vel. Minus et tempore modi architecto.</p>\", \"image_link\": \"/cbc\"}, {\"pk\": 5, \"sort_order\": 3, \"page\": 3, \"image\": 32, \"image_title\": \"Crisis Care\", \"image_intro\": \"<p data-block-key=\\\"yije4\\\">Ut velit est quam dolor ad a aliquid qui aliquid. Sequi ea ut et est quaerat sequi nihil ut aliquam. Occaecati alias dolorem mollitia ut. Similique ea voluptatem. Esse doloremque accusamus repellendus deleniti vel. Minus et tempore modi architecto.</p>\", \"image_link\": \"/crisis_care\"}, {\"pk\": 2, \"sort_order\": 4, \"page\": 3, \"image\": 34, \"image_title\": \"Child Sponsorship\", \"image_intro\": \"<p data-block-key=\\\"yije4\\\">Ut velit est quam dolor ad a aliquid qui aliquid. Sequi ea ut et est quaerat sequi nihil ut aliquam. Occaecati alias dolorem mollitia ut. Similique ea voluptatem. Esse doloremque accusamus repellendus deleniti vel. Minus et tempore modi architecto.</p>\", \"image_link\": \"/child_sponsorship\"}], \"cards\": [{\"pk\": 4, \"sort_order\": 0, \"page\": 3, \"title\": \"What we do.\", \"intro\": \"<p data-block-key=\\\"8iw91\\\">We reach out to those in need of a helping hand through our different programs including;</p><ul><li data-block-key=\\\"5t1a0\\\"><b>Discipleship &amp; Evangelism</b></li><li data-block-key=\\\"4ti46\\\"><b>Education Support</b></li><li data-block-key=\\\"69hp0\\\"><b>Skilling</b></li><li data-block-key=\\\"7jkkk\\\"><b>Crisis care &amp; Management</b></li></ul>\", \"icon_class\": \"bi bi-briefcase-fill\"}, {\"pk\": 5, \"sort_order\": 1, \"page\": 3, \"title\": \"How to get involved?\", \"intro\": \"<p data-block-key=\\\"8iw91\\\">You too can be part of this work through praying with us, Visiting us, or donating to us.</p>\", \"icon_class\": \"bi bi-question-circle-fill\"}, {\"pk\": 6, \"sort_order\": 2, \"page\": 3, \"title\": \"Who we are?\", \"intro\": \"<p data-block-key=\\\"najfn\\\">Smile charity Uganda we are a helping hand to those in need. We are a hand up not a hand hand out. We envision holistically empowered and transformed lives through our working mechanism DESC which stands for Discipleship and Evangelism, Education Support, Skilling and Crisis management.</p>\", \"icon_class\": \"bi bi-emoji-smile-fill\"}]}", "approved_go_live_at": null}}, {"model": "wagtailcore.pagerevision", "pk": 9, "fields": {"page": 7, "submitted_for_moderation": false, "created_at": "2022-04-28T02:22:02.523Z", "user": 1, "content_json": "{\"pk\": 7, \"path\": \"000100010001\", \"depth\": 3, \"numchild\": 0, \"translation_key\": \"3582fb8f-74fa-46ed-a09d-9bdd0535ed82\", \"locale\": 1, \"title\": \"Discipleship\", \"draft_title\": \"Discipleship\", \"slug\": \"discipleship\", \"content_type\": 50, \"live\": true, \"has_unpublished_changes\": false, \"url_path\": \"/home/discipleship/\", \"owner\": 1, \"seo_title\": \"\", \"show_in_menus\": false, \"search_description\": \"\", \"go_live_at\": null, \"expire_at\": null, \"expired\": false, \"locked\": false, \"locked_at\": null, \"locked_by\": null, \"first_published_at\": null, \"last_published_at\": null, \"latest_revision_created_at\": null, \"live_revision\": null, \"alias_of\": null, \"featured_image\": 14, \"featured_image_title\": \"Discipleship\", \"brief_intro\": \"Participate and be a part of our ever growing team by supporting our programs through visiting us here on the ground, volunteering with our programs of your choice.\", \"wagtail_admin_comments\": [], \"cards\": [{\"pk\": 7, \"sort_order\": 0, \"page\": 7, \"title\": \"Children Bible Clubs (CBC)\", \"intro\": \"<p data-block-key=\\\"sm047\\\">We have children attending church and in need of a child-forcused class similar to a Sunday school that is not yet well developed in in these churches.<br/>Smile charity Uganda through our experienced christian child developement workers reach out to the children while empowering and equiping the church ministers.</p>\", \"icon_class\": \"\", \"card_lead\": \"/cbc\"}, {\"pk\": 8, \"sort_order\": 1, \"page\": 7, \"title\": \"Youth Discipleship Fellowship (YDF)\", \"intro\": \"<p data-block-key=\\\"sm047\\\">Working together with our growing Church partners, We continue to take young people through a consistent long term dicsipleship program geared for their spiritual growth</p>\", \"icon_class\": \"\", \"card_lead\": \"/ydf\"}, {\"pk\": 9, \"sort_order\": 2, \"page\": 7, \"title\": \"Pastors' Dicipleship Fellowship  & Pastors' Wives' Discipleship Fellowship\", \"intro\": \"<p data-block-key=\\\"2s1sr\\\">We have a growing Fellowship of pastors (now 16) and their wives who meet fortnightly on Thursdays every month at the smile House. Together we grow physically (through aerobics and in the breaking of bread) and also Spiritually through sharing the word.</p>\", \"icon_class\": \"\", \"card_lead\": \"/pdf\"}]}", "approved_go_live_at": null}}, {"model": "wagtailcore.pagerevision", "pk": 10, "fields": {"page": 8, "submitted_for_moderation": false, "created_at": "2022-04-28T02:45:22.034Z", "user": 1, "content_json": "{\"pk\": 8, \"path\": \"000100010002\", \"depth\": 3, \"numchild\": 0, \"translation_key\": \"0f9507cb-7cb7-4d4c-82f1-8f76256855b8\", \"locale\": 1, \"title\": \"Education\", \"draft_title\": \"Education\", \"slug\": \"education\", \"content_type\": 52, \"live\": true, \"has_unpublished_changes\": false, \"url_path\": \"/home/education/\", \"owner\": 1, \"seo_title\": \"\", \"show_in_menus\": false, \"search_description\": \"\", \"go_live_at\": null, \"expire_at\": null, \"expired\": false, \"locked\": false, \"locked_at\": null, \"locked_by\": null, \"first_published_at\": null, \"last_published_at\": null, \"latest_revision_created_at\": null, \"live_revision\": null, \"alias_of\": null, \"featured_image\": 34, \"featured_image_title\": \"Education Support Program\", \"brief_intro\": \"Participate and be a part of our ever growing team by supporting our programs through visiting us here on the ground, volunteering with our programs of your choice.\", \"wagtail_admin_comments\": [], \"cards\": [{\"pk\": 1, \"sort_order\": 0, \"page\": 8, \"title\": \"profession & Career Twinning\", \"intro\": \"<p data-block-key=\\\"bb654\\\">An exciting and fulfilling career developement program where a serving professional gives a hand to an upcoming young person up the steps to the same.</p>\", \"icon_class\": \"\", \"card_lead\": \"/twinning\"}, {\"pk\": 2, \"sort_order\": 1, \"page\": 8, \"title\": \"Testmonials\", \"intro\": \"<p data-block-key=\\\"bb654\\\">Ever since our start up, we have collaborated with supporters and friends to give support to Ugandan young people through education.</p>\", \"icon_class\": \"\", \"card_lead\": \"\"}, {\"pk\": 3, \"sort_order\": 2, \"page\": 8, \"title\": \"Child Sponsorship\", \"intro\": \"<p data-block-key=\\\"14iap\\\">A holistic child developement approach where an able person picks on a child in need of a helping hand to start or keep up with essential education.</p>\", \"icon_class\": \"\", \"card_lead\": \"/sponsor\"}]}", "approved_go_live_at": null}}, {"model": "wagtailcore.pagerevision", "pk": 11, "fields": {"page": 9, "submitted_for_moderation": false, "created_at": "2022-04-28T02:49:20.785Z", "user": 1, "content_json": "{\"pk\": 9, \"path\": \"000100010003\", \"depth\": 3, \"numchild\": 0, \"translation_key\": \"73dd0529-be37-400b-b8c1-50047f569693\", \"locale\": 1, \"title\": \"Skilling\", \"draft_title\": \"Skilling\", \"slug\": \"skilling\", \"content_type\": 53, \"live\": true, \"has_unpublished_changes\": false, \"url_path\": \"/home/skilling/\", \"owner\": 1, \"seo_title\": \"\", \"show_in_menus\": false, \"search_description\": \"\", \"go_live_at\": null, \"expire_at\": null, \"expired\": false, \"locked\": false, \"locked_at\": null, \"locked_by\": null, \"first_published_at\": null, \"last_published_at\": null, \"latest_revision_created_at\": null, \"live_revision\": null, \"alias_of\": null, \"featured_image\": 36, \"featured_image_title\": \"Skills Development\", \"brief_intro\": \"Participate and be a part of our ever growing team by supporting our programs through visiting us here on the ground, volunteering with our programs of your choice.\", \"wagtail_admin_comments\": [], \"cards\": [{\"pk\": 1, \"sort_order\": 0, \"page\": 9, \"title\": \"Youth Entreprenuership Club\", \"intro\": \"<p data-block-key=\\\"k2iww\\\">With a growing community at Kabulengwa (our close locale), we found it necessary to establish a youth hubfor young people. Our focus is to empower them with cognitive and vital life skills so as to raise useful and responsible citzens</p>\", \"icon_class\": \"\", \"card_lead\": \"/yec\"}, {\"pk\": 2, \"sort_order\": 1, \"page\": 9, \"title\": \"How to get involved\", \"intro\": \"<p data-block-key=\\\"k2iww\\\">You are at the core of our work to support our Skilling Domain. You can participate through supporting the program facilitators, visiting our work or provide necessary equipements for the work.</p>\", \"icon_class\": \"\", \"card_lead\": \"/participate\"}, {\"pk\": 3, \"sort_order\": 2, \"page\": 9, \"title\": \"Women Empowerment\", \"intro\": \"<p data-block-key=\\\"e388y\\\">There is a big number of young girls who have dropped out of school before a useful career as well as a big number of single mothers, widows who are in a great need for sustainable livelihood. We reach out to these by equiping themwith skills</p>\", \"icon_class\": \"\", \"card_lead\": \"/women_empowerment\"}]}", "approved_go_live_at": null}}, {"model": "wagtailcore.pagerevision", "pk": 15, "fields": {"page": 11, "submitted_for_moderation": false, "created_at": "2022-04-28T16:37:34.098Z", "user": 1, "content_json": "{\"pk\": 11, \"path\": \"000100010004\", \"depth\": 3, \"numchild\": 0, \"translation_key\": \"bec8130d-1df1-4c01-ae17-3820f351ad6c\", \"locale\": 1, \"title\": \"sponsor\", \"draft_title\": \"sponsor\", \"slug\": \"sponsor\", \"content_type\": 56, \"live\": true, \"has_unpublished_changes\": false, \"url_path\": \"/home/sponsor/\", \"owner\": 1, \"seo_title\": \"\", \"show_in_menus\": false, \"search_description\": \"\", \"go_live_at\": null, \"expire_at\": null, \"expired\": false, \"locked\": false, \"locked_at\": null, \"locked_by\": null, \"first_published_at\": null, \"last_published_at\": null, \"latest_revision_created_at\": null, \"live_revision\": null, \"alias_of\": null, \"page_title\": \"Sponsorship Waiting List\", \"introduction\": \"<p data-block-key=\\\"gr440\\\">This is the introduction to the sponsorship waiting list page</p>\", \"wagtail_admin_comments\": []}", "approved_go_live_at": null}}, {"model": "wagtailcore.pagerevision", "pk": 16, "fields": {"page": 12, "submitted_for_moderation": false, "created_at": "2022-04-28T17:01:40.274Z", "user": 1, "content_json": "{\"pk\": 12, \"path\": \"0001000100040001\", \"depth\": 4, \"numchild\": 0, \"translation_key\": \"f63ebcb1-d458-4efa-8f75-ace5e8c37593\", \"locale\": 1, \"title\": \"Muwonge Twaha\", \"draft_title\": \"Muwonge Twaha\", \"slug\": \"muwonge-twaha\", \"content_type\": 57, \"live\": true, \"has_unpublished_changes\": false, \"url_path\": \"/home/sponsor/muwonge-twaha/\", \"owner\": 1, \"seo_title\": \"\", \"show_in_menus\": false, \"search_description\": \"\", \"go_live_at\": null, \"expire_at\": null, \"expired\": false, \"locked\": false, \"locked_at\": null, \"locked_by\": null, \"first_published_at\": null, \"last_published_at\": null, \"latest_revision_created_at\": null, \"live_revision\": null, \"alias_of\": null, \"child_photo\": 47, \"child_name\": \"Muwonge Twaha\", \"child_DOB\": \"Unkown\", \"child_story\": \"<p data-block-key=\\\"vbst5\\\">Twaha is one of the community kids who play football at the Seeds Of Love Park. He plays as the central defender and he is so passionate about it. When you ask him what he wants to be in future, he confidently says I want to be a professional footballer and help my family to have what to eat every day and have a good living. Twaha lives with his mother and 4 of his older siblings in a small one roomed house which was temporarily given to them by a sister\\u2019s friend. Their father abandoned them, sold off the house they once owned a year ago and got another wife. Since then he has never provided for any basic needs of the family. Twaha\\u2019s mother does casual work in the community like washing clothes for people. From this work she tries to provide food for the family which is sometimes not enough money to support the wellbeing of the family. Some days Twaha and the family go hungry the whole day when there is no work for the mother. Their temporal shelter is also being demanded and they have been asked to move out soon.</p>\", \"wagtail_admin_comments\": []}", "approved_go_live_at": null}}, {"model": "wagtailcore.pagerevision", "pk": 17, "fields": {"page": 12, "submitted_for_moderation": false, "created_at": "2022-04-28T17:10:26.193Z", "user": 1, "content_json": "{\"pk\": 12, \"path\": \"0001000100040001\", \"depth\": 4, \"numchild\": 0, \"translation_key\": \"f63ebcb1-d458-4efa-8f75-ace5e8c37593\", \"locale\": 1, \"title\": \"Muwonge Twaha\", \"draft_title\": \"Muwonge Twaha\", \"slug\": \"muwonge-twaha\", \"content_type\": 57, \"live\": true, \"has_unpublished_changes\": false, \"url_path\": \"/home/sponsor/muwonge-twaha/\", \"owner\": 1, \"seo_title\": \"\", \"show_in_menus\": false, \"search_description\": \"\", \"go_live_at\": null, \"expire_at\": null, \"expired\": false, \"locked\": false, \"locked_at\": null, \"locked_by\": null, \"first_published_at\": \"2022-04-28T17:01:40.737Z\", \"last_published_at\": \"2022-04-28T17:01:40.737Z\", \"latest_revision_created_at\": \"2022-04-28T17:01:40.274Z\", \"live_revision\": 16, \"alias_of\": null, \"child_photo\": 47, \"child_name\": \"Muwonge Twaha\", \"child_DOB\": \"Unkown\", \"child_story\": \"<p data-block-key=\\\"vbst5\\\">Twaha is one of the community kids who play football at the Seeds Of Love Park. He plays as the central defender and he is so passionate about it. When you ask him what he wants to be in future, he confidently says I want to be a professional footballer and help my family to have what to eat every day and have a good living. Twaha lives with his mother and 4 of his older siblings in a small one roomed house which was temporarily given to them by a sister\\u2019s friend. Their father abandoned them, sold off the house they once owned a year ago and got another wife. Since then he has never provided for any basic needs of the family. Twaha\\u2019s mother does casual work in the community like washing clothes for people. From this work she tries to provide food for the family which is sometimes not enough money to support the wellbeing of the family. Some days Twaha and the family go hungry the whole day when there is no work for the mother. Their temporal shelter is also being demanded and they have been asked to move out soon.</p>\", \"call_to_action\": \"<p data-block-key=\\\"wpl8i\\\"><b>You can support</b> <b>this with a monthly sponsorship of \\u00a3 35 equivalent to $ 50 equivalent to \\u20ac 40 or locally ugx <br/> 165000</b></p>\", \"wagtail_admin_comments\": []}", "approved_go_live_at": null}}, {"model": "wagtailcore.pagerevision", "pk": 18, "fields": {"page": 12, "submitted_for_moderation": false, "created_at": "2022-04-28T17:12:01.554Z", "user": 1, "content_json": "{\"pk\": 12, \"path\": \"0001000100040001\", \"depth\": 4, \"numchild\": 0, \"translation_key\": \"f63ebcb1-d458-4efa-8f75-ace5e8c37593\", \"locale\": 1, \"title\": \"Muwonge Twaha\", \"draft_title\": \"Muwonge Twaha\", \"slug\": \"muwonge-twaha\", \"content_type\": 57, \"live\": true, \"has_unpublished_changes\": false, \"url_path\": \"/home/sponsor/muwonge-twaha/\", \"owner\": 1, \"seo_title\": \"\", \"show_in_menus\": false, \"search_description\": \"\", \"go_live_at\": null, \"expire_at\": null, \"expired\": false, \"locked\": false, \"locked_at\": null, \"locked_by\": null, \"first_published_at\": \"2022-04-28T17:01:40.737Z\", \"last_published_at\": \"2022-04-28T17:10:26.652Z\", \"latest_revision_created_at\": \"2022-04-28T17:10:26.193Z\", \"live_revision\": 17, \"alias_of\": null, \"child_photo\": 47, \"child_name\": \"Muwonge Twaha\", \"child_DOB\": \"Unkown\", \"child_story\": \"<p data-block-key=\\\"vbst5\\\">Twaha is one of the community kids who play football at the Seeds Of Love Park. He plays as the central defender and he is so passionate about it. When you ask him what he wants to be in future, he confidently says I want to be a professional footballer and help my family to have what to eat every day and have a good living. Twaha lives with his mother and 4 of his older siblings in a small one roomed house which was temporarily given to them by a sister\\u2019s friend. Their father abandoned them, sold off the house they once owned a year ago and got another wife. Since then he has never provided for any basic needs of the family. Twaha\\u2019s mother does casual work in the community like washing clothes for people. From this work she tries to provide food for the family which is sometimes not enough money to support the wellbeing of the family. Some days Twaha and the family go hungry the whole day when there is no work for the mother. Their temporal shelter is also being demanded and they have been asked to move out soon.</p>\", \"call_to_action\": \"<p data-block-key=\\\"wpl8i\\\"><i>You can support this with a monthly sponsorship </i></p><p data-block-key=\\\"3h9rn\\\"><i>of \\u00a3 35 equivalent to $ 50 equivalent to \\u20ac 40 or locally </i></p><p data-block-key=\\\"77mmh\\\"><i>ugx 165000.</i></p>\", \"wagtail_admin_comments\": []}", "approved_go_live_at": null}}, {"model": "wagtailcore.pagerevision", "pk": 19, "fields": {"page": 13, "submitted_for_moderation": false, "created_at": "2022-04-28T18:04:10.018Z", "user": 1, "content_json": "{\"pk\": 13, \"path\": \"0001000100040002\", \"depth\": 4, \"numchild\": 0, \"translation_key\": \"108384c4-a3ce-47b6-8b69-778e84de8b0f\", \"locale\": 1, \"title\": \"AINEBYONA James\", \"draft_title\": \"AINEBYONA James\", \"slug\": \"ainebyona-james\", \"content_type\": 57, \"live\": true, \"has_unpublished_changes\": false, \"url_path\": \"/home/sponsor/ainebyona-james/\", \"owner\": 1, \"seo_title\": \"\", \"show_in_menus\": false, \"search_description\": \"\", \"go_live_at\": null, \"expire_at\": null, \"expired\": false, \"locked\": false, \"locked_at\": null, \"locked_by\": null, \"first_published_at\": null, \"last_published_at\": null, \"latest_revision_created_at\": null, \"live_revision\": null, \"alias_of\": null, \"child_photo\": 45, \"child_name\": \"AINEBYONA James\", \"child_DOB\": \"Unkown\", \"child_story\": \"<p data-block-key=\\\"uck90\\\">James lives in the community of Naluvule with a single mother. James wants to be a doctor when he grows up. James like to draw and playing with toys. James\\u2019 mothers makes snacks and she moves around the community with her children to sell the snacks to raise money for the welfare of her children. Given that her daily income is very low she finds it hard to raise the money to support James in school. You can sponsor James to make his future bright.</p>\", \"call_to_action\": \"\", \"wagtail_admin_comments\": []}", "approved_go_live_at": null}}, {"model": "wagtailcore.pagerevision", "pk": 20, "fields": {"page": 14, "submitted_for_moderation": false, "created_at": "2022-04-29T05:01:42.837Z", "user": 1, "content_json": "{\"pk\": 14, \"path\": \"000100010005\", \"depth\": 3, \"numchild\": 0, \"translation_key\": \"ef1a8745-c88a-4713-b779-e04ab459dc77\", \"locale\": 1, \"title\": \"contact\", \"draft_title\": \"contact\", \"slug\": \"contact\", \"content_type\": 59, \"live\": true, \"has_unpublished_changes\": false, \"url_path\": \"/home/contact/\", \"owner\": 1, \"seo_title\": \"\", \"show_in_menus\": false, \"search_description\": \"\", \"go_live_at\": null, \"expire_at\": null, \"expired\": false, \"locked\": false, \"locked_at\": null, \"locked_by\": null, \"first_published_at\": null, \"last_published_at\": null, \"latest_revision_created_at\": null, \"live_revision\": null, \"alias_of\": null, \"to_address\": \"\", \"from_address\": \"\", \"subject\": \"\", \"intro\": \"<p data-block-key=\\\"auwcg\\\">This is the introduction to the SCU contact Page</p>\", \"thank_you_message\": \"<p data-block-key=\\\"ehdjz\\\">Thank you for Contacting Smile Charity Uganda, your message has been received. We will contact you shortly.</p>\", \"wagtail_admin_comments\": [], \"form_fields\": [{\"pk\": 1, \"sort_order\": 0, \"clean_name\": \"your_name\", \"label\": \"Your Name\", \"field_type\": \"singleline\", \"required\": true, \"choices\": \"\", \"default_value\": \"\", \"help_text\": \"\", \"page\": 14}, {\"pk\": 2, \"sort_order\": 1, \"clean_name\": \"email\", \"label\": \"Email\", \"field_type\": \"email\", \"required\": true, \"choices\": \"\", \"default_value\": \"\", \"help_text\": \"\", \"page\": 14}, {\"pk\": 3, \"sort_order\": 2, \"clean_name\": \"subject\", \"label\": \"Subject\", \"field_type\": \"singleline\", \"required\": true, \"choices\": \"\", \"default_value\": \"\", \"help_text\": \"\", \"page\": 14}, {\"pk\": 4, \"sort_order\": 3, \"clean_name\": \"message\", \"label\": \"Message\", \"field_type\": \"multiline\", \"required\": true, \"choices\": \"\", \"default_value\": \"\", \"help_text\": \"\", \"page\": 14}]}", "approved_go_live_at": null}}, {"model": "wagtailcore.pagerevision", "pk": 21, "fields": {"page": 3, "submitted_for_moderation": false, "created_at": "2022-05-03T06:21:12.720Z", "user": 1, "content_json": "{\"pk\": 3, \"path\": \"00010001\", \"depth\": 2, \"numchild\": 5, \"translation_key\": \"bb782fed-2ca4-40bf-877e-6621f30c563b\", \"locale\": 1, \"title\": \"Home\", \"draft_title\": \"Home\", \"slug\": \"home\", \"content_type\": 2, \"live\": true, \"has_unpublished_changes\": false, \"url_path\": \"/home/\", \"owner\": null, \"seo_title\": \"\", \"show_in_menus\": false, \"search_description\": \"\", \"go_live_at\": null, \"expire_at\": null, \"expired\": false, \"locked\": false, \"locked_at\": null, \"locked_by\": null, \"first_published_at\": \"2022-04-27T16:25:18.609Z\", \"last_published_at\": \"2022-04-27T17:37:18.720Z\", \"latest_revision_created_at\": \"2022-04-27T17:37:18.062Z\", \"live_revision\": 6, \"alias_of\": null, \"page_title\": \"Home\", \"current_need\": \"\", \"current_need_link\": \"/sponsor\", \"wagtail_admin_comments\": [], \"carousel_items\": [{\"pk\": 3, \"sort_order\": 0, \"page\": 3, \"image\": 36, \"image_title\": \"SCU MISSIONS\", \"image_intro\": \"<p data-block-key=\\\"yije4\\\">Ut velit est quam dolor ad a aliquid qui aliquid. Sequi ea ut et est quaerat sequi nihil ut aliquam. Occaecati alias dolorem mollitia ut. Similique ea voluptatem. Esse doloremque accusamus repellendus deleniti vel. Minus et tempore modi architecto.</p>\", \"image_link\": \"/missions\"}, {\"pk\": 4, \"sort_order\": 1, \"page\": 3, \"image\": 31, \"image_title\": \"Gap Year students\", \"image_intro\": \"<p data-block-key=\\\"yije4\\\">Ut velit est quam dolor ad a aliquid qui aliquid. Sequi ea ut et est quaerat sequi nihil ut aliquam. Occaecati alias dolorem mollitia ut. Similique ea voluptatem. Esse doloremque accusamus repellendus deleniti vel. Minus et tempore modi architecto.</p>\", \"image_link\": \"/gap_year\"}, {\"pk\": 6, \"sort_order\": 2, \"page\": 3, \"image\": 37, \"image_title\": \"Children Bible Clubs\", \"image_intro\": \"<p data-block-key=\\\"gykml\\\">Ut velit est quam dolor ad a aliquid qui aliquid. Sequi ea ut et est quaerat sequi nihil ut aliquam. Occaecati alias dolorem mollitia ut. Similique ea voluptatem. Esse doloremque accusamus repellendus deleniti vel. Minus et tempore modi architecto.</p>\", \"image_link\": \"/cbc\"}, {\"pk\": 5, \"sort_order\": 3, \"page\": 3, \"image\": 32, \"image_title\": \"Crisis Care\", \"image_intro\": \"<p data-block-key=\\\"yije4\\\">just testinh</p>\", \"image_link\": \"/crisis_care\"}, {\"pk\": 2, \"sort_order\": 4, \"page\": 3, \"image\": 34, \"image_title\": \"Child Sponsorship\", \"image_intro\": \"<p data-block-key=\\\"yije4\\\">Ut velit est quam dolor ad a aliquid qui aliquid. Sequi ea ut et est quaerat sequi nihil ut aliquam. Occaecati alias dolorem mollitia ut. Similique ea voluptatem. Esse doloremque accusamus repellendus deleniti vel. Minus et tempore modi architecto.</p>\", \"image_link\": \"/child_sponsorship\"}], \"cards\": [{\"pk\": 4, \"sort_order\": 0, \"page\": 3, \"title\": \"What we do.\", \"intro\": \"<p data-block-key=\\\"8iw91\\\">We reach out to those in need of a helping hand through our different programs including;</p><ul><li data-block-key=\\\"5t1a0\\\"><b>Discipleship &amp; Evangelism</b></li><li data-block-key=\\\"4ti46\\\"><b>Education Support</b></li><li data-block-key=\\\"69hp0\\\"><b>Skilling</b></li><li data-block-key=\\\"7jkkk\\\"><b>Crisis care &amp; Management</b></li></ul>\", \"icon_class\": \"bi bi-briefcase-fill\"}, {\"pk\": 5, \"sort_order\": 1, \"page\": 3, \"title\": \"How to get involved?\", \"intro\": \"<p data-block-key=\\\"8iw91\\\">You too can be part of this work through praying with us, Visiting us, or donating to us.</p>\", \"icon_class\": \"bi bi-question-circle-fill\"}, {\"pk\": 6, \"sort_order\": 2, \"page\": 3, \"title\": \"Who we are?\", \"intro\": \"<p data-block-key=\\\"najfn\\\">Smile charity Uganda we are a helping hand to those in need. We are a hand up not a hand hand out. We envision holistically empowered and transformed lives through our working mechanism DESC which stands for Discipleship and Evangelism, Education Support, Skilling and Crisis management.</p>\", \"icon_class\": \"bi bi-emoji-smile-fill\"}]}", "approved_go_live_at": null}}, {"model": "wagtailcore.pagerevision", "pk": 22, "fields": {"page": 15, "submitted_for_moderation": false, "created_at": "2022-05-03T08:56:31.928Z", "user": 1, "content_json": "{\"pk\": 15, \"path\": \"000100010006\", \"depth\": 3, \"numchild\": 0, \"translation_key\": \"36234362-3174-4c0d-9741-eeda6577c55b\", \"locale\": 1, \"title\": \"Crisis Care\", \"draft_title\": \"Crisis Care\", \"slug\": \"crisis-care\", \"content_type\": 60, \"live\": true, \"has_unpublished_changes\": false, \"url_path\": \"/home/crisis-care/\", \"owner\": 1, \"seo_title\": \"\", \"show_in_menus\": false, \"search_description\": \"\", \"go_live_at\": null, \"expire_at\": null, \"expired\": false, \"locked\": false, \"locked_at\": null, \"locked_by\": null, \"first_published_at\": null, \"last_published_at\": null, \"latest_revision_created_at\": null, \"live_revision\": null, \"alias_of\": null, \"featured_image\": 4, \"featured_image_title\": \"Crsis Care & Management\", \"brief_intro\": \"Caring in crisis for individuals going through a moment of disaster or unforeseen emergencies in order to save their lives by providing them with food, medication and small essentials as hope is restored.\", \"body\": \"<p data-block-key=\\\"citz7\\\"><b>Crisis Care &amp; Management</b></p><hr/><p data-block-key=\\\"e1k4t\\\">Caring in crisis for individuals going through a moment of disaster or unforeseen emergencies in order to save their lives by providing them with food, medication and small essentials as hope is restored.<br/>Adullam Caverna (Cave of Adullam 1 Samuel 22) is our shelter where people faced with temporary homelessness or escaping domestic violence are provided with a home for relief as we restore hope. Managing crisis and natural calamities when they occur in order to save lives, restore hope and rebuild family cohesion. Our team of volunteers are always readily equipped to face and reach out to those in crisis. We give a hand up not a hand out to all those in crisis plight.</p>\", \"wagtail_admin_comments\": [], \"carousel\": [{\"pk\": 1, \"sort_order\": 0, \"page\": 15, \"image\": 35, \"caption\": \"random text\"}, {\"pk\": 2, \"sort_order\": 1, \"page\": 15, \"image\": 66, \"caption\": \"random text\"}, {\"pk\": 3, \"sort_order\": 2, \"page\": 15, \"image\": 37, \"caption\": \"random text\"}]}", "approved_go_live_at": null}}, {"model": "wagtailcore.pagerevision", "pk": 23, "fields": {"page": 15, "submitted_for_moderation": false, "created_at": "2022-05-03T10:41:13.256Z", "user": 1, "content_json": "{\"pk\": 15, \"path\": \"000100010006\", \"depth\": 3, \"numchild\": 0, \"translation_key\": \"36234362-3174-4c0d-9741-eeda6577c55b\", \"locale\": 1, \"title\": \"Crisis Care\", \"draft_title\": \"Crisis Care\", \"slug\": \"crisis-care\", \"content_type\": 60, \"live\": true, \"has_unpublished_changes\": false, \"url_path\": \"/home/crisis-care/\", \"owner\": 1, \"seo_title\": \"\", \"show_in_menus\": false, \"search_description\": \"\", \"go_live_at\": null, \"expire_at\": null, \"expired\": false, \"locked\": false, \"locked_at\": null, \"locked_by\": null, \"first_published_at\": \"2022-05-03T08:56:32.444Z\", \"last_published_at\": \"2022-05-03T08:56:32.444Z\", \"latest_revision_created_at\": \"2022-05-03T08:56:31.928Z\", \"live_revision\": 22, \"alias_of\": null, \"featured_image\": 4, \"featured_image_title\": \"Crsis Care & Management\", \"brief_intro\": \"Caring in crisis for individuals going through a moment of disaster or unforeseen emergencies in order to save their lives by providing them with food, medication and small essentials as hope is restored.\", \"body\": \"<h3 data-block-key=\\\"citz7\\\"><b>Crisis Care &amp; Management</b></h3><hr/><p data-block-key=\\\"e1k4t\\\">Caring in crisis for individuals going through a moment of disaster or unforeseen emergencies in order to save their lives by providing them with food, medication and small essentials as hope is restored.<br/>Adullam Caverna (Cave of Adullam 1 Samuel 22) is our shelter where people faced with temporary homelessness or escaping domestic violence are provided with a home for relief as we restore hope. Managing crisis and natural calamities when they occur in order to save lives, restore hope and rebuild family cohesion. Our team of volunteers are always readily equipped to face and reach out to those in crisis. We give a hand up not a hand out to all those in crisis plight.</p>\", \"wagtail_admin_comments\": [], \"carousel\": [{\"pk\": 1, \"sort_order\": 0, \"page\": 15, \"image\": 35, \"caption\": \"random text\"}, {\"pk\": 2, \"sort_order\": 1, \"page\": 15, \"image\": 66, \"caption\": \"random text\"}, {\"pk\": 3, \"sort_order\": 2, \"page\": 15, \"image\": 37, \"caption\": \"random text\"}], \"faqs\": [{\"pk\": null, \"sort_order\": 0, \"page\": 15, \"question\": \"Question 1\", \"answer\": \"Answer to question one\"}, {\"pk\": null, \"sort_order\": 1, \"page\": 15, \"question\": \"Question 1\", \"answer\": \"Answer to question one\"}]}", "approved_go_live_at": null}}, {"model": "wagtailcore.pagerevision", "pk": 24, "fields": {"page": 16, "submitted_for_moderation": false, "created_at": "2022-05-03T15:57:37.853Z", "user": 1, "content_json": "{\"pk\": 16, \"path\": \"000100010007\", \"depth\": 3, \"numchild\": 0, \"translation_key\": \"68504838-759b-4166-a74a-27082e571a4f\", \"locale\": 1, \"title\": \"about us\", \"draft_title\": \"about us\", \"slug\": \"about-us\", \"content_type\": 63, \"live\": true, \"has_unpublished_changes\": false, \"url_path\": \"/home/about-us/\", \"owner\": 1, \"seo_title\": \"\", \"show_in_menus\": false, \"search_description\": \"\", \"go_live_at\": null, \"expire_at\": null, \"expired\": false, \"locked\": false, \"locked_at\": null, \"locked_by\": null, \"first_published_at\": null, \"last_published_at\": null, \"latest_revision_created_at\": null, \"live_revision\": null, \"alias_of\": null, \"featured_image\": 20, \"image_title\": \"About Smile Charity Uganda\", \"image_caption\": \"We are a Christian based non profit located on plot 700 Akright Estate Kabulengwa hill, Naluvule Wakiso district. Our greatest impact has so far been realised in the city slums of Nabulagala in Kampala and the the impoverished communities of Nansana in Wakiso district\", \"introduction\": \"<h3 data-block-key=\\\"bfa0w\\\"><b>EXTENDING A HELPING HAND TO THOSE IN NEED</b></h3><hr/><p data-block-key=\\\"6efve\\\">Smile Charity Uganda is 100% supported by both part time and full-time volunteers who freely give their time, skills and talents to run the activities of the organization.<br/>The organization provides a very small monthly stipend to meet their travel needs and food while in the field and on base serving.<br/></p><p data-block-key=\\\"1h0ds\\\">We are currently open to have new friends and partners whether individuals, groups, Churches or Organisations to expand our work and ministry of caring for children at risk, communities in need and the Church in Uganda especially in Kampala and Wakiso districts.</p>\", \"wagtail_admin_comments\": [], \"strategies\": [{\"pk\": 1, \"sort_order\": 0, \"page\": 16, \"strategy\": \"Our Vision\", \"content\": \"<p data-block-key=\\\"ifiba\\\">Smile Charity Uganda (SCU) envisions holistically empowered and transformed lives through education, practical evangelism initiatives and community outreach programs in Uganda.</p>\", \"icon_class\": null}, {\"pk\": 2, \"sort_order\": 1, \"page\": 16, \"strategy\": \"Mission\", \"content\": \"<p data-block-key=\\\"ifiba\\\">We aim for a long term rebuilding of lives through our domains namely Discipleshiop &amp; Evangelism, Education Support, Skilling and Crisis care &amp; management.</p>\", \"icon_class\": null}, {\"pk\": 3, \"sort_order\": 2, \"page\": 16, \"strategy\": \"Major Objective\", \"content\": \"<p data-block-key=\\\"ifiba\\\">Our major objective is to promote and advance the Christian faith through practical community initiatives as a means to improve on the quality of life within communities of Uganda</p>\", \"icon_class\": \"Values\"}, {\"pk\": 4, \"sort_order\": 3, \"page\": 16, \"strategy\": \"Christ Centricity, Integrity, Excellence, Servant Heart\", \"content\": \"\", \"icon_class\": null}]}", "approved_go_live_at": null}}, {"model": "wagtailcore.pagerevision", "pk": 25, "fields": {"page": 17, "submitted_for_moderation": false, "created_at": "2022-05-03T16:10:16.910Z", "user": 1, "content_json": "{\"pk\": 17, \"path\": \"0001000100070001\", \"depth\": 4, \"numchild\": 0, \"translation_key\": \"856c74f2-a417-44b9-b2c9-5f978cacc4d9\", \"locale\": 1, \"title\": \"Alex Gift Ngabonziza\", \"draft_title\": \"Alex Gift Ngabonziza\", \"slug\": \"alex-gift-ngabonziza\", \"content_type\": 65, \"live\": true, \"has_unpublished_changes\": false, \"url_path\": \"/home/about-us/alex-gift-ngabonziza/\", \"owner\": 1, \"seo_title\": \"\", \"show_in_menus\": false, \"search_description\": \"\", \"go_live_at\": null, \"expire_at\": null, \"expired\": false, \"locked\": false, \"locked_at\": null, \"locked_by\": null, \"first_published_at\": null, \"last_published_at\": null, \"latest_revision_created_at\": null, \"live_revision\": null, \"alias_of\": null, \"featured_image\": 67, \"volunteer_name\": \"Alex Gift Ngabonziza\", \"designation\": \"Chief Executive Officer\", \"facebook\": \"https://www.facebook.com/AlexGiftNgabonziza\", \"linkedIn\": \"https://www.linkedin.com/in/ngabonziza-gift-alex-42509385/\", \"mail\": \"director@smilecharityuganda.org\", \"introduction\": \"<p data-block-key=\\\"a4wre\\\">I am a Christian faith believer. Jesus Christ is my Lord and savior. I am a professing and active born-again believer as well revealed, examined and explained in the holy scriptures. I dream big but work to achieve one day at a time. I allow room for emotions but act objectively to solve problems. I believe in the true word of God, family, Prayer, Fellowship and Sharing God\\u2019s goodness in my life</p>\", \"wagtail_admin_comments\": []}", "approved_go_live_at": null}}, {"model": "wagtailcore.pagerevision", "pk": 26, "fields": {"page": 18, "submitted_for_moderation": false, "created_at": "2022-05-03T16:13:07.104Z", "user": 1, "content_json": "{\"pk\": 18, \"path\": \"0001000100070002\", \"depth\": 4, \"numchild\": 0, \"translation_key\": \"a8aa27f6-bd26-43b0-afe9-2013f57d0277\", \"locale\": 1, \"title\": \"Silver Brown\", \"draft_title\": \"Silver Brown\", \"slug\": \"silver-brown\", \"content_type\": 65, \"live\": true, \"has_unpublished_changes\": false, \"url_path\": \"/home/about-us/silver-brown/\", \"owner\": 1, \"seo_title\": \"\", \"show_in_menus\": false, \"search_description\": \"\", \"go_live_at\": null, \"expire_at\": null, \"expired\": false, \"locked\": false, \"locked_at\": null, \"locked_by\": null, \"first_published_at\": null, \"last_published_at\": null, \"latest_revision_created_at\": null, \"live_revision\": null, \"alias_of\": null, \"featured_image\": 74, \"volunteer_name\": \"Silver Brown\", \"designation\": \"Accounts Manager\", \"facebook\": \"https://www.facebook.com/reachsilver\", \"linkedIn\": \"https://www.linkedin.com/in/nowgetonline/\", \"mail\": \"accounts@smilecharityuganda.org\", \"introduction\": \"<p data-block-key=\\\"ot5xy\\\">I want to serve in environments that I will work to preserve and ameliorate to a better status than I find it. An environment that will also make me better each day. My areas of interest are accounting, setting up systems for financial management as well as content writing and optimization. I want to be involved with a team of organized and well-focused people with a passion to serve society.</p>\", \"wagtail_admin_comments\": []}", "approved_go_live_at": null}}, {"model": "wagtailcore.pagerevision", "pk": 27, "fields": {"page": 19, "submitted_for_moderation": false, "created_at": "2022-05-03T16:16:20.688Z", "user": 1, "content_json": "{\"pk\": 19, \"path\": \"0001000100070003\", \"depth\": 4, \"numchild\": 0, \"translation_key\": \"b537a400-0f3d-47d8-add2-93c36c9994c5\", \"locale\": 1, \"title\": \"Ingabire Benigne\", \"draft_title\": \"Ingabire Benigne\", \"slug\": \"ingabire-benigne\", \"content_type\": 65, \"live\": true, \"has_unpublished_changes\": false, \"url_path\": \"/home/about-us/ingabire-benigne/\", \"owner\": 1, \"seo_title\": \"\", \"show_in_menus\": false, \"search_description\": \"\", \"go_live_at\": null, \"expire_at\": null, \"expired\": false, \"locked\": false, \"locked_at\": null, \"locked_by\": null, \"first_published_at\": null, \"last_published_at\": null, \"latest_revision_created_at\": null, \"live_revision\": null, \"alias_of\": null, \"featured_image\": 68, \"volunteer_name\": \"Ingabire Benigne\", \"designation\": \"Human Resource Manager\", \"facebook\": null, \"linkedIn\": \"https://www.linkedin.com/in/ingabire-benigne-913833230/\", \"mail\": \"communicationsmanager@smilecharityuganda.org\", \"introduction\": \"<p data-block-key=\\\"wpga3\\\">My ultimate Goal is to exalt Jesus as my Lord and Savior in everything I am, say and do. I desire to grow in the knowledge of God, bear fruits and to live a life worthy of the Lord and please Him in every way. I am lovingly desire to care for others with the best I can because I believe every Human is God\\u2019s special and valued possession (1Peter 2:9)</p>\", \"wagtail_admin_comments\": []}", "approved_go_live_at": null}}, {"model": "wagtailcore.pagerevision", "pk": 28, "fields": {"page": 20, "submitted_for_moderation": false, "created_at": "2022-05-03T16:20:22.127Z", "user": 1, "content_json": "{\"pk\": 20, \"path\": \"0001000100070004\", \"depth\": 4, \"numchild\": 0, \"translation_key\": \"a5fad112-0a87-4b18-beed-bcb9b5e8ff79\", \"locale\": 1, \"title\": \"Kizito Joseph\", \"draft_title\": \"Kizito Joseph\", \"slug\": \"kizito-joseph\", \"content_type\": 65, \"live\": true, \"has_unpublished_changes\": false, \"url_path\": \"/home/about-us/kizito-joseph/\", \"owner\": 1, \"seo_title\": \"\", \"show_in_menus\": false, \"search_description\": \"\", \"go_live_at\": null, \"expire_at\": null, \"expired\": false, \"locked\": false, \"locked_at\": null, \"locked_by\": null, \"first_published_at\": null, \"last_published_at\": null, \"latest_revision_created_at\": null, \"live_revision\": null, \"alias_of\": null, \"featured_image\": 71, \"volunteer_name\": \"Kizito Joseph\", \"designation\": \"Field Manager\", \"facebook\": \"https://www.facebook.com/\", \"linkedIn\": \"https://www.linkedin.com/in/joseph-kizito-7a6b023b/\", \"mail\": \"josephk@smilecharityuganda.org\", \"introduction\": \"<p data-block-key=\\\"6oei6\\\">I am a born-again Christian who believes in the Biblical doctrines of the Trinity, the Birth of Jesus Christ the Son of the one true God, the Power of the Holy Spirit and the new life after physical death. Though enthusiastic, I believe in being a work in process by Jesus Christ, looking at the growth and improvement of my life in all aspects every day.</p>\", \"wagtail_admin_comments\": []}", "approved_go_live_at": null}}, {"model": "wagtailcore.pagerevision", "pk": 29, "fields": {"page": 21, "submitted_for_moderation": false, "created_at": "2022-05-03T16:22:59.850Z", "user": 1, "content_json": "{\"pk\": 21, \"path\": \"0001000100070005\", \"depth\": 4, \"numchild\": 0, \"translation_key\": \"e1d9dc6e-3dce-4dd3-83fd-44e92bcfaa9f\", \"locale\": 1, \"title\": \"Mukiibi Gabiti Joseph\", \"draft_title\": \"Mukiibi Gabiti Joseph\", \"slug\": \"mukiibi-gabiti-joseph\", \"content_type\": 65, \"live\": true, \"has_unpublished_changes\": false, \"url_path\": \"/home/about-us/mukiibi-gabiti-joseph/\", \"owner\": 1, \"seo_title\": \"\", \"show_in_menus\": false, \"search_description\": \"\", \"go_live_at\": null, \"expire_at\": null, \"expired\": false, \"locked\": false, \"locked_at\": null, \"locked_by\": null, \"first_published_at\": null, \"last_published_at\": null, \"latest_revision_created_at\": null, \"live_revision\": null, \"alias_of\": null, \"featured_image\": 70, \"volunteer_name\": \"Mukiibi Gabiti Joseph\", \"designation\": \"Sponsorship Co-ordinator\", \"facebook\": \"https://www.facebook.com/\", \"linkedIn\": \"https://www.linkedin.com/in/gabiti-joseph-mukiibi-395550230/\", \"mail\": \"sponsorship@smilecharityuganda.org\", \"introduction\": \"<p data-block-key=\\\"sm7kd\\\">I am a Christian believer and I affirm my faith in the Lord Jesus Christ believing that God&#x27;s word is authoritative in my daily conduct. One of my distinguishing characteristics is the interest to working with children and young people. I am always willing to learn, unlearn and re-learn. I am teachable, open minded, analytical and compliant. I am always challenged to create a significant program(s) that can influence young people to love God and desire to serve Him.</p>\", \"wagtail_admin_comments\": []}", "approved_go_live_at": null}}, {"model": "wagtailcore.pagerevision", "pk": 30, "fields": {"page": 22, "submitted_for_moderation": false, "created_at": "2022-05-03T16:26:17.152Z", "user": 1, "content_json": "{\"pk\": 22, \"path\": \"0001000100070006\", \"depth\": 4, \"numchild\": 0, \"translation_key\": \"4bcb67fb-f88f-48c4-a543-32ef51e6d515\", \"locale\": 1, \"title\": \"Kobusingye Daphine\", \"draft_title\": \"Kobusingye Daphine\", \"slug\": \"kobusingye-daphine\", \"content_type\": 65, \"live\": true, \"has_unpublished_changes\": false, \"url_path\": \"/home/about-us/kobusingye-daphine/\", \"owner\": 1, \"seo_title\": \"\", \"show_in_menus\": false, \"search_description\": \"\", \"go_live_at\": null, \"expire_at\": null, \"expired\": false, \"locked\": false, \"locked_at\": null, \"locked_by\": null, \"first_published_at\": null, \"last_published_at\": null, \"latest_revision_created_at\": null, \"live_revision\": null, \"alias_of\": null, \"featured_image\": 69, \"volunteer_name\": \"Kobusingye Daphine\", \"designation\": \"Youth Co-ordinator\", \"facebook\": \"https://www.facebook.com/\", \"linkedIn\": \"https://www.linkedin.com/in/gabiti-joseph-mukiibi-395550230/\", \"mail\": \"daphine@smilecharityuganda.org\", \"introduction\": \"<p data-block-key=\\\"3ny7k\\\">If there is one thing that I know, I love and enjoy doing the will of God. I hold a strong faith in the love Jesus Christ has towards me. Truthfully, there is nothing I enjoy more than passing on the same love to the little children and young youth of the World through ministry. I firmly believe that sharing my talents and abilities as a Christian is the way to go.</p>\", \"wagtail_admin_comments\": []}", "approved_go_live_at": null}}, {"model": "wagtailcore.pagerevision", "pk": 31, "fields": {"page": 23, "submitted_for_moderation": false, "created_at": "2022-05-03T16:29:44.979Z", "user": 1, "content_json": "{\"pk\": 23, \"path\": \"0001000100070007\", \"depth\": 4, \"numchild\": 0, \"translation_key\": \"57fb436e-aa51-4a83-adb0-081b2fdba9cd\", \"locale\": 1, \"title\": \"Nakayiza Moreen\", \"draft_title\": \"Nakayiza Moreen\", \"slug\": \"nakayiza-moreen\", \"content_type\": 65, \"live\": true, \"has_unpublished_changes\": false, \"url_path\": \"/home/about-us/nakayiza-moreen/\", \"owner\": 1, \"seo_title\": \"\", \"show_in_menus\": false, \"search_description\": \"\", \"go_live_at\": null, \"expire_at\": null, \"expired\": false, \"locked\": false, \"locked_at\": null, \"locked_by\": null, \"first_published_at\": null, \"last_published_at\": null, \"latest_revision_created_at\": null, \"live_revision\": null, \"alias_of\": null, \"featured_image\": 75, \"volunteer_name\": \"Nakayiza Moreen\", \"designation\": \"Caretaker\", \"facebook\": \"https://www.facebook.com/\", \"linkedIn\": \"https://www.linkedin.com/in/nakayiza-moreen-8b0708230/\", \"mail\": \"moreen@smilecharityuganda.org\", \"introduction\": \"<p data-block-key=\\\"oapem\\\">I gave my life to Jesus Christ and am proud to let the whole world know am a child of God.I also hold a strong passion in Mistry cooking and serving different people. I hold perfection at heart hence enjoy living in a clean and presentable environment (house Management) l enjoy working with young youth mainly leading them and directing them in to doing the right things in life.</p>\", \"wagtail_admin_comments\": []}", "approved_go_live_at": null}}, {"model": "wagtailcore.pagerevision", "pk": 32, "fields": {"page": 24, "submitted_for_moderation": false, "created_at": "2022-05-03T16:34:03.715Z", "user": 1, "content_json": "{\"pk\": 24, \"path\": \"0001000100070008\", \"depth\": 4, \"numchild\": 0, \"translation_key\": \"c1a5a61f-cdf6-4414-861a-5b128af594e6\", \"locale\": 1, \"title\": \"Kakooza Francis\", \"draft_title\": \"Kakooza Francis\", \"slug\": \"kakooza-francis\", \"content_type\": 65, \"live\": true, \"has_unpublished_changes\": false, \"url_path\": \"/home/about-us/kakooza-francis/\", \"owner\": 1, \"seo_title\": \"\", \"show_in_menus\": false, \"search_description\": \"\", \"go_live_at\": null, \"expire_at\": null, \"expired\": false, \"locked\": false, \"locked_at\": null, \"locked_by\": null, \"first_published_at\": null, \"last_published_at\": null, \"latest_revision_created_at\": null, \"live_revision\": null, \"alias_of\": null, \"featured_image\": 72, \"volunteer_name\": \"Kakooza Francis\", \"designation\": \"Security Observer\", \"facebook\": \"https://www.facebook.com/\", \"linkedIn\": \"https://www.linkedin.com/\", \"mail\": \"francis@smilecharityuganda.org\", \"introduction\": \"<p data-block-key=\\\"fx9id\\\">I am a Catholic. I acknowledge that Jesus is the Lord of. My personal conduct is being humble and respecting everyone. My character extends peace, joy and Love that are fundamental qualities for my personal progress and opportunity to challenge my boundaries, work on my weakness and use my strengths to elevate the work of Smile Charity Uganda team.</p>\", \"wagtail_admin_comments\": []}", "approved_go_live_at": null}}, {"model": "wagtailcore.pagerevision", "pk": 33, "fields": {"page": 25, "submitted_for_moderation": false, "created_at": "2022-05-03T16:37:44.092Z", "user": 1, "content_json": "{\"pk\": 25, \"path\": \"0001000100070009\", \"depth\": 4, \"numchild\": 0, \"translation_key\": \"e60a8dae-6333-4bbe-9ee2-aefa5c1d811d\", \"locale\": 1, \"title\": \"Ssozi Paul\", \"draft_title\": \"Ssozi Paul\", \"slug\": \"ssozi-paul\", \"content_type\": 65, \"live\": true, \"has_unpublished_changes\": false, \"url_path\": \"/home/about-us/ssozi-paul/\", \"owner\": 1, \"seo_title\": \"\", \"show_in_menus\": false, \"search_description\": \"\", \"go_live_at\": null, \"expire_at\": null, \"expired\": false, \"locked\": false, \"locked_at\": null, \"locked_by\": null, \"first_published_at\": null, \"last_published_at\": null, \"latest_revision_created_at\": null, \"live_revision\": null, \"alias_of\": null, \"featured_image\": 73, \"volunteer_name\": \"Ssozi Paul\", \"designation\": \"ICT & Media Head\", \"facebook\": \"https://www.facebook.com/ssozi.paul.14/\", \"linkedIn\": \"https://www.linkedin.com/in/paul-ssozi-7b4b2116a/\", \"mail\": \"mediamanager@smilecharityuganda.org\", \"introduction\": \"<p data-block-key=\\\"i2s8e\\\">I am self-willed and open-minded individual with a deep desire to know and learn every single day. When I am not designing and learning about current and upcoming tech trends, I like to do more tech. I desire to grow closer to God knowing that Christ is Lord. I ascribe dignity, respect and love in all that I do allowing room for reproof, correction and training.</p>\", \"wagtail_admin_comments\": []}", "approved_go_live_at": null}}, {"model": "wagtailcore.pagerevision", "pk": 34, "fields": {"page": 16, "submitted_for_moderation": false, "created_at": "2022-05-03T18:03:25.449Z", "user": 1, "content_json": "{\"pk\": 16, \"path\": \"000100010007\", \"depth\": 3, \"numchild\": 9, \"translation_key\": \"68504838-759b-4166-a74a-27082e571a4f\", \"locale\": 1, \"title\": \"about us\", \"draft_title\": \"about us\", \"slug\": \"about-us\", \"content_type\": 63, \"live\": true, \"has_unpublished_changes\": false, \"url_path\": \"/home/about-us/\", \"owner\": 1, \"seo_title\": \"\", \"show_in_menus\": false, \"search_description\": \"\", \"go_live_at\": null, \"expire_at\": null, \"expired\": false, \"locked\": false, \"locked_at\": null, \"locked_by\": null, \"first_published_at\": \"2022-05-03T15:57:38.384Z\", \"last_published_at\": \"2022-05-03T15:57:38.384Z\", \"latest_revision_created_at\": \"2022-05-03T15:57:37.853Z\", \"live_revision\": 24, \"alias_of\": null, \"featured_image\": 20, \"image_title\": \"About Smile Charity Uganda\", \"image_caption\": \"We are a Christian based non profit located on plot 700 Akright Estate Kabulengwa hill, Naluvule Wakiso district. Our greatest impact has so far been realised in the city slums of Nabulagala in Kampala and the the impoverished communities of Nansana in Wakiso district\", \"side_image\": 76, \"introduction\": \"<h3 data-block-key=\\\"bfa0w\\\"><b>EXTENDING A HELPING HAND TO THOSE IN NEED</b></h3><hr/><p data-block-key=\\\"6efve\\\">Smile Charity Uganda is 100% supported by both part time and full-time volunteers who freely give their time, skills and talents to run the activities of the organization.<br/>The organization provides a very small monthly stipend to meet their travel needs and food while in the field and on base serving.<br/></p><p data-block-key=\\\"1h0ds\\\">We are currently open to have new friends and partners whether individuals, groups, Churches or Organisations to expand our work and ministry of caring for children at risk, communities in need and the Church in Uganda especially in Kampala and Wakiso districts.</p>\", \"wagtail_admin_comments\": [], \"strategies\": [{\"pk\": 1, \"sort_order\": 0, \"page\": 16, \"strategy\": \"Our Vision\", \"content\": \"<p data-block-key=\\\"ifiba\\\">Smile Charity Uganda (SCU) envisions holistically empowered and transformed lives through education, practical evangelism initiatives and community outreach programs in Uganda.</p>\", \"icon_class\": null}, {\"pk\": 2, \"sort_order\": 1, \"page\": 16, \"strategy\": \"Mission\", \"content\": \"<p data-block-key=\\\"ifiba\\\">We aim for a long term rebuilding of lives through our domains namely Discipleshiop &amp; Evangelism, Education Support, Skilling and Crisis care &amp; management.</p>\", \"icon_class\": null}, {\"pk\": 3, \"sort_order\": 2, \"page\": 16, \"strategy\": \"Major Objective\", \"content\": \"<p data-block-key=\\\"ifiba\\\">Our major objective is to promote and advance the Christian faith through practical community initiatives as a means to improve on the quality of life within communities of Uganda</p>\", \"icon_class\": \"Values\"}, {\"pk\": 4, \"sort_order\": 3, \"page\": 16, \"strategy\": \"Christ Centricity, Integrity, Excellence, Servant Heart\", \"content\": \"\", \"icon_class\": null}]}", "approved_go_live_at": null}}, {"model": "wagtailcore.pagerevision", "pk": 35, "fields": {"page": 16, "submitted_for_moderation": false, "created_at": "2022-05-03T18:10:08.600Z", "user": 1, "content_json": "{\"pk\": 16, \"path\": \"000100010007\", \"depth\": 3, \"numchild\": 9, \"translation_key\": \"68504838-759b-4166-a74a-27082e571a4f\", \"locale\": 1, \"title\": \"about us\", \"draft_title\": \"about us\", \"slug\": \"about-us\", \"content_type\": 63, \"live\": true, \"has_unpublished_changes\": false, \"url_path\": \"/home/about-us/\", \"owner\": 1, \"seo_title\": \"\", \"show_in_menus\": false, \"search_description\": \"\", \"go_live_at\": null, \"expire_at\": null, \"expired\": false, \"locked\": false, \"locked_at\": null, \"locked_by\": null, \"first_published_at\": \"2022-05-03T15:57:38.384Z\", \"last_published_at\": \"2022-05-03T18:03:25.899Z\", \"latest_revision_created_at\": \"2022-05-03T18:03:25.449Z\", \"live_revision\": 34, \"alias_of\": null, \"featured_image\": 20, \"image_title\": \"About Smile Charity Uganda\", \"image_caption\": \"We are a Christian based non profit located on plot 700 Akright Estate Kabulengwa hill, Naluvule Wakiso district. Our greatest impact has so far been realised in the city slums of Nabulagala in Kampala and the the impoverished communities of Nansana in Wakiso district\", \"side_image\": 76, \"introduction\": \"<h3 data-block-key=\\\"bfa0w\\\"><b>EXTENDING A HELPING HAND TO THOSE IN NEED</b></h3><hr/><p data-block-key=\\\"6efve\\\">Smile Charity Uganda is 100% supported by both part time and full-time volunteers who freely give their time, skills and talents to run the activities of the organization.<br/>The organization provides a very small monthly stipend to meet their travel needs and food while in the field and on base serving.<br/></p><p data-block-key=\\\"1h0ds\\\">We are currently open to have new friends and partners whether individuals, groups, Churches or Organisations to expand our work and ministry of caring for children at risk, communities in need and the Church in Uganda especially in Kampala and Wakiso districts.</p>\", \"wagtail_admin_comments\": [], \"strategies\": [{\"pk\": 1, \"sort_order\": 0, \"page\": 16, \"strategy\": \"Our Vision\", \"content\": \"<p data-block-key=\\\"ifiba\\\">Smile Charity Uganda (SCU) envisions holistically empowered and transformed lives through education, practical evangelism initiatives and community outreach programs in Uganda.</p>\", \"icon_class\": null}, {\"pk\": 2, \"sort_order\": 1, \"page\": 16, \"strategy\": \"Mission\", \"content\": \"<p data-block-key=\\\"ifiba\\\">We aim for a long term rebuilding of lives through our domains namely Discipleshiop &amp; Evangelism, Education Support, Skilling and Crisis care &amp; management.</p>\", \"icon_class\": null}, {\"pk\": 3, \"sort_order\": 2, \"page\": 16, \"strategy\": \"Major Objective\", \"content\": \"<p data-block-key=\\\"ifiba\\\">Our major objective is to promote and advance the Christian faith through practical community initiatives as a means to improve on the quality of life within communities of Uganda</p>\", \"icon_class\": \"Values\"}, {\"pk\": 4, \"sort_order\": 3, \"page\": 16, \"strategy\": \"Christ Centricity, Integrity, Excellence, Servant Heart\", \"content\": \"\", \"icon_class\": null}]}", "approved_go_live_at": null}}, {"model": "wagtailcore.pagerevision", "pk": 36, "fields": {"page": 16, "submitted_for_moderation": false, "created_at": "2022-05-03T18:11:04.201Z", "user": 1, "content_json": "{\"pk\": 16, \"path\": \"000100010007\", \"depth\": 3, \"numchild\": 9, \"translation_key\": \"68504838-759b-4166-a74a-27082e571a4f\", \"locale\": 1, \"title\": \"about us\", \"draft_title\": \"about us\", \"slug\": \"about-us\", \"content_type\": 63, \"live\": true, \"has_unpublished_changes\": false, \"url_path\": \"/home/about-us/\", \"owner\": 1, \"seo_title\": \"\", \"show_in_menus\": false, \"search_description\": \"\", \"go_live_at\": null, \"expire_at\": null, \"expired\": false, \"locked\": false, \"locked_at\": null, \"locked_by\": null, \"first_published_at\": \"2022-05-03T15:57:38.384Z\", \"last_published_at\": \"2022-05-03T18:10:09.492Z\", \"latest_revision_created_at\": \"2022-05-03T18:10:08.600Z\", \"live_revision\": 35, \"alias_of\": null, \"featured_image\": 20, \"image_title\": \"About Smile Charity Uganda\", \"image_caption\": \"We are a Christian based non profit located on plot 700 Akright Estate Kabulengwa hill, Naluvule Wakiso district. Our greatest impact has so far been realised in the city slums of Nabulagala in Kampala and the the impoverished communities of Nansana in Wakiso district\", \"side_image\": 76, \"introduction\": \"<h4 data-block-key=\\\"bfa0w\\\"><b>EXTENDING A HELPING HAND TO THOSE IN NEED</b></h4><hr/><p data-block-key=\\\"6efve\\\">Smile Charity Uganda is 100% supported by both part time and full-time volunteers who freely give their time, skills and talents to run the activities of the organization.<br/>The organization provides a very small monthly stipend to meet their travel needs and food while in the field and on base serving.<br/></p><p data-block-key=\\\"1h0ds\\\">We are currently open to have new friends and partners whether individuals, groups, Churches or Organisations to expand our work and ministry of caring for children at risk, communities in need and the Church in Uganda especially in Kampala and Wakiso districts.</p>\", \"wagtail_admin_comments\": [], \"strategies\": [{\"pk\": 1, \"sort_order\": 0, \"page\": 16, \"strategy\": \"Our Vision\", \"content\": \"<p data-block-key=\\\"ifiba\\\">Smile Charity Uganda (SCU) envisions holistically empowered and transformed lives through education, practical evangelism initiatives and community outreach programs in Uganda.</p>\", \"icon_class\": null}, {\"pk\": 2, \"sort_order\": 1, \"page\": 16, \"strategy\": \"Mission\", \"content\": \"<p data-block-key=\\\"ifiba\\\">We aim for a long term rebuilding of lives through our domains namely Discipleshiop &amp; Evangelism, Education Support, Skilling and Crisis care &amp; management.</p>\", \"icon_class\": null}, {\"pk\": 3, \"sort_order\": 2, \"page\": 16, \"strategy\": \"Major Objective\", \"content\": \"<p data-block-key=\\\"ifiba\\\">Our major objective is to promote and advance the Christian faith through practical community initiatives as a means to improve on the quality of life within communities of Uganda</p>\", \"icon_class\": \"Values\"}, {\"pk\": 4, \"sort_order\": 3, \"page\": 16, \"strategy\": \"Christ Centricity, Integrity, Excellence, Servant Heart\", \"content\": \"\", \"icon_class\": null}]}", "approved_go_live_at": null}}, {"model": "wagtailcore.pagerevision", "pk": 37, "fields": {"page": 16, "submitted_for_moderation": false, "created_at": "2022-05-03T18:13:21.594Z", "user": 1, "content_json": "{\"pk\": 16, \"path\": \"000100010007\", \"depth\": 3, \"numchild\": 9, \"translation_key\": \"68504838-759b-4166-a74a-27082e571a4f\", \"locale\": 1, \"title\": \"about us\", \"draft_title\": \"about us\", \"slug\": \"about-us\", \"content_type\": 63, \"live\": true, \"has_unpublished_changes\": false, \"url_path\": \"/home/about-us/\", \"owner\": 1, \"seo_title\": \"\", \"show_in_menus\": false, \"search_description\": \"\", \"go_live_at\": null, \"expire_at\": null, \"expired\": false, \"locked\": false, \"locked_at\": null, \"locked_by\": null, \"first_published_at\": \"2022-05-03T15:57:38.384Z\", \"last_published_at\": \"2022-05-03T18:11:04.706Z\", \"latest_revision_created_at\": \"2022-05-03T18:11:04.201Z\", \"live_revision\": 36, \"alias_of\": null, \"featured_image\": 20, \"image_title\": \"About Smile Charity Uganda\", \"image_caption\": \"We are a Christian based non profit located on plot 700 Akright Estate Kabulengwa hill, Naluvule Wakiso district. Our greatest impact has so far been realised in the city slums of Nabulagala in Kampala and the the impoverished communities of Nansana in Wakiso district\", \"side_image\": 76, \"introduction\": \"<h4 data-block-key=\\\"bfa0w\\\"><b>EXTENDING A HELPING HAND TO THOSE IN NEED</b></h4><hr/><h4 data-block-key=\\\"6efve\\\">Smile Charity Uganda is 100% supported by both part time and full-time volunteers who freely give their time, skills and talents to run the activities of the organization.<br/>The organization provides a very small monthly stipend to meet their travel needs and food while in the field and on base serving.<br/></h4><h4 data-block-key=\\\"1h0ds\\\">We are currently open to have new friends and partners whether individuals, groups, Churches or Organisations to expand our work and ministry of caring for children at risk, communities in need and the Church in Uganda especially in Kampala and Wakiso districts.</h4>\", \"wagtail_admin_comments\": [], \"strategies\": [{\"pk\": 1, \"sort_order\": 0, \"page\": 16, \"strategy\": \"Our Vision\", \"content\": \"<p data-block-key=\\\"ifiba\\\">Smile Charity Uganda (SCU) envisions holistically empowered and transformed lives through education, practical evangelism initiatives and community outreach programs in Uganda.</p>\", \"icon_class\": null}, {\"pk\": 2, \"sort_order\": 1, \"page\": 16, \"strategy\": \"Mission\", \"content\": \"<p data-block-key=\\\"ifiba\\\">We aim for a long term rebuilding of lives through our domains namely Discipleshiop &amp; Evangelism, Education Support, Skilling and Crisis care &amp; management.</p>\", \"icon_class\": null}, {\"pk\": 3, \"sort_order\": 2, \"page\": 16, \"strategy\": \"Major Objective\", \"content\": \"<p data-block-key=\\\"ifiba\\\">Our major objective is to promote and advance the Christian faith through practical community initiatives as a means to improve on the quality of life within communities of Uganda</p>\", \"icon_class\": \"Values\"}, {\"pk\": 4, \"sort_order\": 3, \"page\": 16, \"strategy\": \"Christ Centricity, Integrity, Excellence, Servant Heart\", \"content\": \"\", \"icon_class\": null}]}", "approved_go_live_at": null}}, {"model": "wagtailcore.pagerevision", "pk": 38, "fields": {"page": 16, "submitted_for_moderation": false, "created_at": "2022-05-03T18:15:08.324Z", "user": 1, "content_json": "{\"pk\": 16, \"path\": \"000100010007\", \"depth\": 3, \"numchild\": 9, \"translation_key\": \"68504838-759b-4166-a74a-27082e571a4f\", \"locale\": 1, \"title\": \"about us\", \"draft_title\": \"about us\", \"slug\": \"about-us\", \"content_type\": 63, \"live\": true, \"has_unpublished_changes\": false, \"url_path\": \"/home/about-us/\", \"owner\": 1, \"seo_title\": \"\", \"show_in_menus\": false, \"search_description\": \"\", \"go_live_at\": null, \"expire_at\": null, \"expired\": false, \"locked\": false, \"locked_at\": null, \"locked_by\": null, \"first_published_at\": \"2022-05-03T15:57:38.384Z\", \"last_published_at\": \"2022-05-03T18:13:22.196Z\", \"latest_revision_created_at\": \"2022-05-03T18:13:21.594Z\", \"live_revision\": 37, \"alias_of\": null, \"featured_image\": 20, \"image_title\": \"About Smile Charity Uganda\", \"image_caption\": \"We are a Christian based non profit located on plot 700 Akright Estate Kabulengwa hill, Naluvule Wakiso district. Our greatest impact has so far been realised in the city slums of Nabulagala in Kampala and the the impoverished communities of Nansana in Wakiso district\", \"side_image\": 76, \"introduction\": \"<p data-block-key=\\\"bfa0w\\\"></p><p data-block-key=\\\"il93\\\"></p><hr/><p data-block-key=\\\"3ifoh\\\"></p><p data-block-key=\\\"6frok\\\">Smile Charity Uganda is 100% supported by both part time and full-time volunteers who freely give their time, skills and talents to run the activities of the organization.<br/>The organization provides a very small monthly stipend to meet their travel needs and food while in the field and on base serving.<br/></p><h4 data-block-key=\\\"1h0ds\\\">We are currently open to have new friends and partners whether individuals, groups, Churches or Organisations to expand our work and ministry of caring for children at risk, communities in need and the Church in Uganda especially in Kampala and Wakiso districts.</h4>\", \"wagtail_admin_comments\": [], \"strategies\": [{\"pk\": 1, \"sort_order\": 0, \"page\": 16, \"strategy\": \"Our Vision\", \"content\": \"<p data-block-key=\\\"ifiba\\\">Smile Charity Uganda (SCU) envisions holistically empowered and transformed lives through education, practical evangelism initiatives and community outreach programs in Uganda.</p>\", \"icon_class\": null}, {\"pk\": 2, \"sort_order\": 1, \"page\": 16, \"strategy\": \"Mission\", \"content\": \"<p data-block-key=\\\"ifiba\\\">We aim for a long term rebuilding of lives through our domains namely Discipleshiop &amp; Evangelism, Education Support, Skilling and Crisis care &amp; management.</p>\", \"icon_class\": null}, {\"pk\": 3, \"sort_order\": 2, \"page\": 16, \"strategy\": \"Major Objective\", \"content\": \"<p data-block-key=\\\"ifiba\\\">Our major objective is to promote and advance the Christian faith through practical community initiatives as a means to improve on the quality of life within communities of Uganda</p>\", \"icon_class\": \"Values\"}, {\"pk\": 4, \"sort_order\": 3, \"page\": 16, \"strategy\": \"Christ Centricity, Integrity, Excellence, Servant Heart\", \"content\": \"\", \"icon_class\": null}]}", "approved_go_live_at": null}}, {"model": "wagtailcore.pagerevision", "pk": 39, "fields": {"page": 16, "submitted_for_moderation": false, "created_at": "2022-05-03T18:17:12.475Z", "user": 1, "content_json": "{\"pk\": 16, \"path\": \"000100010007\", \"depth\": 3, \"numchild\": 9, \"translation_key\": \"68504838-759b-4166-a74a-27082e571a4f\", \"locale\": 1, \"title\": \"about us\", \"draft_title\": \"about us\", \"slug\": \"about-us\", \"content_type\": 63, \"live\": true, \"has_unpublished_changes\": false, \"url_path\": \"/home/about-us/\", \"owner\": 1, \"seo_title\": \"\", \"show_in_menus\": false, \"search_description\": \"\", \"go_live_at\": null, \"expire_at\": null, \"expired\": false, \"locked\": false, \"locked_at\": null, \"locked_by\": null, \"first_published_at\": \"2022-05-03T15:57:38.384Z\", \"last_published_at\": \"2022-05-03T18:15:08.917Z\", \"latest_revision_created_at\": \"2022-05-03T18:15:08.324Z\", \"live_revision\": 38, \"alias_of\": null, \"featured_image\": 20, \"image_title\": \"About Smile Charity Uganda\", \"image_caption\": \"We are a Christian based non profit located on plot 700 Akright Estate Kabulengwa hill, Naluvule Wakiso district. Our greatest impact has so far been realised in the city slums of Nabulagala in Kampala and the the impoverished communities of Nansana in Wakiso district\", \"side_image\": 76, \"introduction\": \"<p data-block-key=\\\"bfa0w\\\"></p><p data-block-key=\\\"il93\\\"></p><hr/><p data-block-key=\\\"3ifoh\\\"></p><h4 data-block-key=\\\"6frok\\\">Smile Charity Uganda is 100% supported by both part time and full-time volunteers who freely give their time, skills and talents to run the activities of the organization.<br/>The organization provides a very small monthly stipend to meet their travel needs and food while in the field and on base serving.<br/></h4><h4 data-block-key=\\\"1h0ds\\\">We are currently open to have new friends and partners whether individuals, groups, Churches or Organisations to expand our work and ministry of caring for children at risk, communities in need and the Church in Uganda especially in Kampala and Wakiso districts.</h4>\", \"wagtail_admin_comments\": [], \"strategies\": [{\"pk\": 1, \"sort_order\": 0, \"page\": 16, \"strategy\": \"Our Vision\", \"content\": \"<p data-block-key=\\\"ifiba\\\">Smile Charity Uganda (SCU) envisions holistically empowered and transformed lives through education, practical evangelism initiatives and community outreach programs in Uganda.</p>\", \"icon_class\": null}, {\"pk\": 2, \"sort_order\": 1, \"page\": 16, \"strategy\": \"Mission\", \"content\": \"<p data-block-key=\\\"ifiba\\\">We aim for a long term rebuilding of lives through our domains namely Discipleshiop &amp; Evangelism, Education Support, Skilling and Crisis care &amp; management.</p>\", \"icon_class\": null}, {\"pk\": 3, \"sort_order\": 2, \"page\": 16, \"strategy\": \"Major Objective\", \"content\": \"<p data-block-key=\\\"ifiba\\\">Our major objective is to promote and advance the Christian faith through practical community initiatives as a means to improve on the quality of life within communities of Uganda</p>\", \"icon_class\": \"Values\"}, {\"pk\": 4, \"sort_order\": 3, \"page\": 16, \"strategy\": \"Christ Centricity, Integrity, Excellence, Servant Heart\", \"content\": \"\", \"icon_class\": null}]}", "approved_go_live_at": null}}, {"model": "wagtailcore.pagerevision", "pk": 40, "fields": {"page": 16, "submitted_for_moderation": false, "created_at": "2022-05-03T18:18:06.715Z", "user": 1, "content_json": "{\"pk\": 16, \"path\": \"000100010007\", \"depth\": 3, \"numchild\": 9, \"translation_key\": \"68504838-759b-4166-a74a-27082e571a4f\", \"locale\": 1, \"title\": \"about us\", \"draft_title\": \"about us\", \"slug\": \"about-us\", \"content_type\": 63, \"live\": true, \"has_unpublished_changes\": false, \"url_path\": \"/home/about-us/\", \"owner\": 1, \"seo_title\": \"\", \"show_in_menus\": false, \"search_description\": \"\", \"go_live_at\": null, \"expire_at\": null, \"expired\": false, \"locked\": false, \"locked_at\": null, \"locked_by\": null, \"first_published_at\": \"2022-05-03T15:57:38.384Z\", \"last_published_at\": \"2022-05-03T18:17:13.036Z\", \"latest_revision_created_at\": \"2022-05-03T18:17:12.475Z\", \"live_revision\": 39, \"alias_of\": null, \"featured_image\": 20, \"image_title\": \"About Smile Charity Uganda\", \"image_caption\": \"We are a Christian based non profit located on plot 700 Akright Estate Kabulengwa hill, Naluvule Wakiso district. Our greatest impact has so far been realised in the city slums of Nabulagala in Kampala and the the impoverished communities of Nansana in Wakiso district\", \"side_image\": 76, \"introduction\": \"<p data-block-key=\\\"bfa0w\\\"></p><p data-block-key=\\\"il93\\\"></p><hr/><p data-block-key=\\\"3ifoh\\\"></p><p data-block-key=\\\"6frok\\\">Smile Charity Uganda is 100% supported by both part time and full-time volunteers who freely give their time, skills and talents to run the activities of the organization.<br/>The organization provides a very small monthly stipend to meet their travel needs and food while in the field and on base serving.<br/></p><p data-block-key=\\\"1h0ds\\\">We are currently open to have new friends and partners whether individuals, groups, Churches or Organisations to expand our work and ministry of caring for children at risk, communities in need and the Church in Uganda especially in Kampala and Wakiso districts.</p>\", \"wagtail_admin_comments\": [], \"strategies\": [{\"pk\": 1, \"sort_order\": 0, \"page\": 16, \"strategy\": \"Our Vision\", \"content\": \"<p data-block-key=\\\"ifiba\\\">Smile Charity Uganda (SCU) envisions holistically empowered and transformed lives through education, practical evangelism initiatives and community outreach programs in Uganda.</p>\", \"icon_class\": null}, {\"pk\": 2, \"sort_order\": 1, \"page\": 16, \"strategy\": \"Mission\", \"content\": \"<p data-block-key=\\\"ifiba\\\">We aim for a long term rebuilding of lives through our domains namely Discipleshiop &amp; Evangelism, Education Support, Skilling and Crisis care &amp; management.</p>\", \"icon_class\": null}, {\"pk\": 3, \"sort_order\": 2, \"page\": 16, \"strategy\": \"Major Objective\", \"content\": \"<p data-block-key=\\\"ifiba\\\">Our major objective is to promote and advance the Christian faith through practical community initiatives as a means to improve on the quality of life within communities of Uganda</p>\", \"icon_class\": \"Values\"}, {\"pk\": 4, \"sort_order\": 3, \"page\": 16, \"strategy\": \"Christ Centricity, Integrity, Excellence, Servant Heart\", \"content\": \"\", \"icon_class\": null}]}", "approved_go_live_at": null}}, {"model": "wagtailcore.pagerevision", "pk": 41, "fields": {"page": 16, "submitted_for_moderation": false, "created_at": "2022-05-03T18:44:37.424Z", "user": 1, "content_json": "{\"pk\": 16, \"path\": \"000100010007\", \"depth\": 3, \"numchild\": 9, \"translation_key\": \"68504838-759b-4166-a74a-27082e571a4f\", \"locale\": 1, \"title\": \"about us\", \"draft_title\": \"about us\", \"slug\": \"about-us\", \"content_type\": 63, \"live\": true, \"has_unpublished_changes\": false, \"url_path\": \"/home/about-us/\", \"owner\": 1, \"seo_title\": \"\", \"show_in_menus\": false, \"search_description\": \"\", \"go_live_at\": null, \"expire_at\": null, \"expired\": false, \"locked\": false, \"locked_at\": null, \"locked_by\": null, \"first_published_at\": \"2022-05-03T15:57:38.384Z\", \"last_published_at\": \"2022-05-03T18:18:07.184Z\", \"latest_revision_created_at\": \"2022-05-03T18:18:06.715Z\", \"live_revision\": 40, \"alias_of\": null, \"featured_image\": 20, \"image_title\": \"About Smile Charity Uganda\", \"image_caption\": \"We are a Christian based non profit located on plot 700 Akright Estate Kabulengwa hill, Naluvule Wakiso district. Our greatest impact has so far been realised in the city slums of Nabulagala in Kampala and the the impoverished communities of Nansana in Wakiso district\", \"side_image\": 76, \"introduction\": \"<p data-block-key=\\\"bfa0w\\\"></p><p data-block-key=\\\"il93\\\"></p><hr/><p data-block-key=\\\"3ifoh\\\"></p><p data-block-key=\\\"6frok\\\">Smile Charity Uganda is 100% supported by both part time and full-time volunteers who freely give their time, skills and talents to run the activities of the organization.<br/>The organization provides a very small monthly stipend to meet their travel needs and food while in the field and on base serving.<br/></p><p data-block-key=\\\"1h0ds\\\">We are currently open to have new friends and partners whether individuals, groups, Churches or Organisations to expand our work and ministry of caring for children at risk, communities in need and the Church in Uganda especially in Kampala and Wakiso districts.</p>\", \"wagtail_admin_comments\": [], \"strategies\": [{\"pk\": 1, \"sort_order\": 0, \"page\": 16, \"strategy\": \"Our Vision\", \"content\": \"<p data-block-key=\\\"ifiba\\\">Smile Charity Uganda (SCU) envisions holistically empowered and transformed lives through education, practical evangelism initiatives and community outreach programs in Uganda.</p>\", \"icon_class\": null}, {\"pk\": 2, \"sort_order\": 1, \"page\": 16, \"strategy\": \"Mission\", \"content\": \"<p data-block-key=\\\"ifiba\\\">We aim for a long term rebuilding of lives through our domains namely Discipleshiop &amp; Evangelism, Education Support, Skilling and Crisis care &amp; management.</p>\", \"icon_class\": null}, {\"pk\": 3, \"sort_order\": 2, \"page\": 16, \"strategy\": \"Major Objective\", \"content\": \"<p data-block-key=\\\"ifiba\\\">Our major objective is to promote and advance the Christian faith through practical community initiatives as a means to improve on the quality of life within communities of Uganda</p>\", \"icon_class\": null}, {\"pk\": 4, \"sort_order\": 3, \"page\": 16, \"strategy\": \"Values\", \"content\": \"<p data-block-key=\\\"i7yb9\\\">Christ Centricity</p><p data-block-key=\\\"1t75f\\\">Integrity</p><p data-block-key=\\\"6h677\\\">Excellence </p><p data-block-key=\\\"8bgn9\\\">Servant Heart</p>\", \"icon_class\": null}]}", "approved_go_live_at": null}}, {"model": "wagtailcore.pagerevision", "pk": 42, "fields": {"page": 16, "submitted_for_moderation": false, "created_at": "2022-05-03T18:49:56.445Z", "user": 1, "content_json": "{\"pk\": 16, \"path\": \"000100010007\", \"depth\": 3, \"numchild\": 9, \"translation_key\": \"68504838-759b-4166-a74a-27082e571a4f\", \"locale\": 1, \"title\": \"about us\", \"draft_title\": \"about us\", \"slug\": \"about-us\", \"content_type\": 63, \"live\": true, \"has_unpublished_changes\": false, \"url_path\": \"/home/about-us/\", \"owner\": 1, \"seo_title\": \"\", \"show_in_menus\": false, \"search_description\": \"\", \"go_live_at\": null, \"expire_at\": null, \"expired\": false, \"locked\": false, \"locked_at\": null, \"locked_by\": null, \"first_published_at\": \"2022-05-03T15:57:38.384Z\", \"last_published_at\": \"2022-05-03T18:44:37.967Z\", \"latest_revision_created_at\": \"2022-05-03T18:44:37.424Z\", \"live_revision\": 41, \"alias_of\": null, \"featured_image\": 20, \"image_title\": \"About Smile Charity Uganda\", \"image_caption\": \"We are a Christian based non profit located on plot 700 Akright Estate Kabulengwa hill, Naluvule Wakiso district. Our greatest impact has so far been realised in the city slums of Nabulagala in Kampala and the the impoverished communities of Nansana in Wakiso district\", \"side_image\": 76, \"introduction\": \"<p data-block-key=\\\"bfa0w\\\"></p><p data-block-key=\\\"il93\\\"></p><hr/><p data-block-key=\\\"3ifoh\\\"></p><p data-block-key=\\\"6frok\\\">Smile Charity Uganda is 100% supported by both part time and full-time volunteers who freely give their time, skills and talents to run the activities of the organization.<br/>The organization provides a very small monthly stipend to meet their travel needs and food while in the field and on base serving.<br/></p><p data-block-key=\\\"1h0ds\\\">We are currently open to have new friends and partners whether individuals, groups, Churches or Organisations to expand our work and ministry of caring for children at risk, communities in need and the Church in Uganda especially in Kampala and Wakiso districts.</p>\", \"wagtail_admin_comments\": [], \"strategies\": [{\"pk\": 1, \"sort_order\": 0, \"page\": 16, \"strategy\": \"Our Vision\", \"content\": \"<p data-block-key=\\\"ifiba\\\">Smile Charity Uganda (SCU) envisions holistically empowered and transformed lives through education, practical evangelism initiatives and community outreach programs in Uganda.</p>\", \"icon_class\": \"bi bi-eyeglasses\"}, {\"pk\": 2, \"sort_order\": 1, \"page\": 16, \"strategy\": \"Mission\", \"content\": \"<p data-block-key=\\\"ifiba\\\">We aim for a long term rebuilding of lives through our domains namely Discipleshiop &amp; Evangelism, Education Support, Skilling and Crisis care &amp; management.</p>\", \"icon_class\": \"bi bi-bullseye\"}, {\"pk\": 3, \"sort_order\": 2, \"page\": 16, \"strategy\": \"Major Objective\", \"content\": \"<p data-block-key=\\\"ifiba\\\">Our major objective is to promote and advance the Christian faith through practical community initiatives as a means to improve on the quality of life within communities of Uganda</p>\", \"icon_class\": \"bi bi-award-fill\"}, {\"pk\": 4, \"sort_order\": 3, \"page\": 16, \"strategy\": \"Values\", \"content\": \"<p data-block-key=\\\"i7yb9\\\">Christ Centricity</p><p data-block-key=\\\"1t75f\\\">Integrity</p><p data-block-key=\\\"6h677\\\">Excellence</p><p data-block-key=\\\"8bgn9\\\">Servant Heart</p>\", \"icon_class\": \"bi bi-emoji-heart-eyes\"}]}", "approved_go_live_at": null}}, {"model": "wagtailcore.grouppagepermission", "pk": 1, "fields": {"group": 1, "page": 1, "permission_type": "add"}}, {"model": "wagtailcore.grouppagepermission", "pk": 2, "fields": {"group": 1, "page": 1, "permission_type": "edit"}}, {"model": "wagtailcore.grouppagepermission", "pk": 3, "fields": {"group": 1, "page": 1, "permission_type": "publish"}}, {"model": "wagtailcore.grouppagepermission", "pk": 4, "fields": {"group": 2, "page": 1, "permission_type": "add"}}, {"model": "wagtailcore.grouppagepermission", "pk": 5, "fields": {"group": 2, "page": 1, "permission_type": "edit"}}, {"model": "wagtailcore.grouppagepermission", "pk": 6, "fields": {"group": 1, "page": 1, "permission_type": "lock"}}, {"model": "wagtailcore.grouppagepermission", "pk": 7, "fields": {"group": 1, "page": 1, "permission_type": "unlock"}}, {"model": "wagtailcore.workflowpage", "pk": 1, "fields": {"workflow": 1}}, {"model": "wagtailcore.workflowtask", "pk": 1, "fields": {"sort_order": 0, "workflow": 1, "task": 1}}, {"model": "wagtailcore.task", "pk": 1, "fields": {"name": "Moderators approval", "content_type": 4, "active": true}}, {"model": "wagtailcore.workflow", "pk": 1, "fields": {"name": "Moderators approval", "active": true}}, {"model": "wagtailcore.groupapprovaltask", "pk": 1, "fields": {"groups": [1]}}, {"model": "wagtailcore.pagelogentry", "pk": 1, "fields": {"content_type": 2, "label": "Home", "action": "wagtail.create", "data_json": "\"\"", "timestamp": "2022-04-27T11:00:29.580Z", "uuid": "988a2927-3b6e-4f39-96fe-3715775f9fca", "user": 1, "content_changed": true, "deleted": false, "page": 4, "revision": null}}, {"model": "wagtailcore.pagelogentry", "pk": 2, "fields": {"content_type": 2, "label": "Home", "action": "wagtail.publish", "data_json": "null", "timestamp": "2022-04-27T11:00:30.371Z", "uuid": "988a2927-3b6e-4f39-96fe-3715775f9fca", "user": 1, "content_changed": true, "deleted": false, "page": 4, "revision": 1}}, {"model": "wagtailcore.pagelogentry", "pk": 3, "fields": {"content_type": 2, "label": "Home", "action": "wagtail.edit", "data_json": "\"\"", "timestamp": "2022-04-27T15:09:51.471Z", "uuid": "8c306d9a-10fb-4c9e-8301-45348ac427ff", "user": 1, "content_changed": true, "deleted": false, "page": 4, "revision": 2}}, {"model": "wagtailcore.pagelogentry", "pk": 4, "fields": {"content_type": 2, "label": "Home", "action": "wagtail.publish", "data_json": "null", "timestamp": "2022-04-27T15:09:51.956Z", "uuid": "8c306d9a-10fb-4c9e-8301-45348ac427ff", "user": 1, "content_changed": true, "deleted": false, "page": 4, "revision": 2}}, {"model": "wagtailcore.pagelogentry", "pk": 5, "fields": {"content_type": 2, "label": "Home", "action": "wagtail.edit", "data_json": "\"\"", "timestamp": "2022-04-27T15:33:04.517Z", "uuid": "8c36d6dc-020f-449e-96fc-f6f57dd40a96", "user": 1, "content_changed": true, "deleted": false, "page": 4, "revision": 3}}, {"model": "wagtailcore.pagelogentry", "pk": 6, "fields": {"content_type": 2, "label": "Home", "action": "wagtail.publish", "data_json": "null", "timestamp": "2022-04-27T15:33:05.012Z", "uuid": "8c36d6dc-020f-449e-96fc-f6f57dd40a96", "user": 1, "content_changed": true, "deleted": false, "page": 4, "revision": 3}}, {"model": "wagtailcore.pagelogentry", "pk": 7, "fields": {"content_type": 2, "label": "Home", "action": "wagtail.edit", "data_json": "\"\"", "timestamp": "2022-04-27T16:25:18.344Z", "uuid": "59baea3c-2c39-4e9a-8cbd-cc9fea5c954c", "user": 1, "content_changed": true, "deleted": false, "page": 3, "revision": 4}}, {"model": "wagtailcore.pagelogentry", "pk": 8, "fields": {"content_type": 2, "label": "Home", "action": "wagtail.publish", "data_json": "null", "timestamp": "2022-04-27T16:25:18.856Z", "uuid": "59baea3c-2c39-4e9a-8cbd-cc9fea5c954c", "user": 1, "content_changed": true, "deleted": false, "page": 3, "revision": 4}}, {"model": "wagtailcore.pagelogentry", "pk": 9, "fields": {"content_type": 2, "label": "Home", "action": "wagtail.edit", "data_json": "\"\"", "timestamp": "2022-04-27T16:30:14.615Z", "uuid": "6fc1640d-669f-4b91-94d7-542bc6eac0dc", "user": 1, "content_changed": true, "deleted": false, "page": 3, "revision": 5}}, {"model": "wagtailcore.pagelogentry", "pk": 10, "fields": {"content_type": 2, "label": "Home", "action": "wagtail.publish", "data_json": "null", "timestamp": "2022-04-27T16:30:15.194Z", "uuid": "6fc1640d-669f-4b91-94d7-542bc6eac0dc", "user": 1, "content_changed": true, "deleted": false, "page": 3, "revision": 5}}, {"model": "wagtailcore.pagelogentry", "pk": 11, "fields": {"content_type": 2, "label": "Home", "action": "wagtail.edit", "data_json": "\"\"", "timestamp": "2022-04-27T17:37:18.465Z", "uuid": "868ef508-6f44-43c8-bea9-c247ef1b3849", "user": 1, "content_changed": true, "deleted": false, "page": 3, "revision": 6}}, {"model": "wagtailcore.pagelogentry", "pk": 12, "fields": {"content_type": 2, "label": "Home", "action": "wagtail.publish", "data_json": "null", "timestamp": "2022-04-27T17:37:18.958Z", "uuid": "868ef508-6f44-43c8-bea9-c247ef1b3849", "user": 1, "content_changed": true, "deleted": false, "page": 3, "revision": 6}}, {"model": "wagtailcore.pagelogentry", "pk": 13, "fields": {"content_type": 50, "label": "Discipleship", "action": "wagtail.create", "data_json": "\"\"", "timestamp": "2022-04-27T18:49:23.470Z", "uuid": "bcaefcd9-f48b-4e70-9a91-c3e68b8d2d2e", "user": 1, "content_changed": true, "deleted": false, "page": 5, "revision": null}}, {"model": "wagtailcore.pagelogentry", "pk": 14, "fields": {"content_type": 50, "label": "Discipleship", "action": "wagtail.publish", "data_json": "null", "timestamp": "2022-04-27T18:49:24.388Z", "uuid": "bcaefcd9-f48b-4e70-9a91-c3e68b8d2d2e", "user": 1, "content_changed": true, "deleted": false, "page": 5, "revision": 7}}, {"model": "wagtailcore.pagelogentry", "pk": 15, "fields": {"content_type": 50, "label": "Discipleship", "action": "wagtail.delete", "data_json": "\"\"", "timestamp": "2022-04-27T18:52:44.219Z", "uuid": "50dafad4-7346-441b-9b73-a0b3040da21f", "user": 1, "content_changed": false, "deleted": true, "page": 5, "revision": null}}, {"model": "wagtailcore.pagelogentry", "pk": 16, "fields": {"content_type": 50, "label": "Discipleship", "action": "wagtail.create", "data_json": "\"\"", "timestamp": "2022-04-27T18:54:33.617Z", "uuid": "2fff8624-48df-43c2-8195-50acd8027741", "user": 1, "content_changed": true, "deleted": false, "page": 6, "revision": null}}, {"model": "wagtailcore.pagelogentry", "pk": 17, "fields": {"content_type": 50, "label": "Discipleship", "action": "wagtail.publish", "data_json": "null", "timestamp": "2022-04-27T18:54:34.542Z", "uuid": "2fff8624-48df-43c2-8195-50acd8027741", "user": 1, "content_changed": true, "deleted": false, "page": 6, "revision": 8}}, {"model": "wagtailcore.pagelogentry", "pk": 18, "fields": {"content_type": 50, "label": "Discipleship", "action": "wagtail.delete", "data_json": "\"\"", "timestamp": "2022-04-28T02:19:23.288Z", "uuid": "48fbd8bf-b72f-4f94-b9e0-a451d9aacc46", "user": 1, "content_changed": false, "deleted": true, "page": 6, "revision": null}}, {"model": "wagtailcore.pagelogentry", "pk": 19, "fields": {"content_type": 2, "label": "Home", "action": "wagtail.delete", "data_json": "\"\"", "timestamp": "2022-04-28T02:19:23.323Z", "uuid": "48fbd8bf-b72f-4f94-b9e0-a451d9aacc46", "user": 1, "content_changed": false, "deleted": true, "page": 4, "revision": null}}, {"model": "wagtailcore.pagelogentry", "pk": 20, "fields": {"content_type": 50, "label": "Discipleship", "action": "wagtail.create", "data_json": "\"\"", "timestamp": "2022-04-28T02:22:02.356Z", "uuid": "8abb5e58-af02-4101-af2b-3d7612a76e17", "user": 1, "content_changed": true, "deleted": false, "page": 7, "revision": null}}, {"model": "wagtailcore.pagelogentry", "pk": 21, "fields": {"content_type": 50, "label": "Discipleship", "action": "wagtail.publish", "data_json": "null", "timestamp": "2022-04-28T02:22:03.337Z", "uuid": "8abb5e58-af02-4101-af2b-3d7612a76e17", "user": 1, "content_changed": true, "deleted": false, "page": 7, "revision": 9}}, {"model": "wagtailcore.pagelogentry", "pk": 22, "fields": {"content_type": 52, "label": "Education", "action": "wagtail.create", "data_json": "\"\"", "timestamp": "2022-04-28T02:45:21.854Z", "uuid": "2cd54ba8-0ae5-4c36-9c0f-8365a9de1903", "user": 1, "content_changed": true, "deleted": false, "page": 8, "revision": null}}, {"model": "wagtailcore.pagelogentry", "pk": 23, "fields": {"content_type": 52, "label": "Education", "action": "wagtail.publish", "data_json": "null", "timestamp": "2022-04-28T02:45:22.704Z", "uuid": "2cd54ba8-0ae5-4c36-9c0f-8365a9de1903", "user": 1, "content_changed": true, "deleted": false, "page": 8, "revision": 10}}, {"model": "wagtailcore.pagelogentry", "pk": 24, "fields": {"content_type": 53, "label": "Skilling", "action": "wagtail.create", "data_json": "\"\"", "timestamp": "2022-04-28T02:49:20.615Z", "uuid": "7755552a-b5b2-42b7-803c-9eeaeaeaeaf3", "user": 1, "content_changed": true, "deleted": false, "page": 9, "revision": null}}, {"model": "wagtailcore.pagelogentry", "pk": 25, "fields": {"content_type": 53, "label": "Skilling", "action": "wagtail.publish", "data_json": "null", "timestamp": "2022-04-28T02:49:21.515Z", "uuid": "7755552a-b5b2-42b7-803c-9eeaeaeaeaf3", "user": 1, "content_changed": true, "deleted": false, "page": 9, "revision": 11}}, {"model": "wagtailcore.pagelogentry", "pk": 26, "fields": {"content_type": 55, "label": "Sponsor", "action": "wagtail.create", "data_json": "\"\"", "timestamp": "2022-04-28T04:46:02.615Z", "uuid": "f774b891-19dc-426b-a88c-33afa9ad6d43", "user": 1, "content_changed": true, "deleted": false, "page": 10, "revision": null}}, {"model": "wagtailcore.pagelogentry", "pk": 27, "fields": {"content_type": 55, "label": "Sponsor", "action": "wagtail.publish", "data_json": "null", "timestamp": "2022-04-28T04:46:03.696Z", "uuid": "f774b891-19dc-426b-a88c-33afa9ad6d43", "user": 1, "content_changed": true, "deleted": false, "page": 10, "revision": 12}}, {"model": "wagtailcore.pagelogentry", "pk": 28, "fields": {"content_type": 55, "label": "Sponsor", "action": "wagtail.edit", "data_json": "\"\"", "timestamp": "2022-04-28T04:54:49.119Z", "uuid": "56d6db3e-fac2-430e-ba9f-d0305220ee7a", "user": 1, "content_changed": true, "deleted": false, "page": 10, "revision": 13}}, {"model": "wagtailcore.pagelogentry", "pk": 29, "fields": {"content_type": 55, "label": "Sponsor", "action": "wagtail.publish", "data_json": "null", "timestamp": "2022-04-28T04:54:49.613Z", "uuid": "56d6db3e-fac2-430e-ba9f-d0305220ee7a", "user": 1, "content_changed": true, "deleted": false, "page": 10, "revision": 13}}, {"model": "wagtailcore.pagelogentry", "pk": 30, "fields": {"content_type": 55, "label": "Sponsor", "action": "wagtail.edit", "data_json": "\"\"", "timestamp": "2022-04-28T04:56:56.345Z", "uuid": "76caa1bf-753b-4b42-b2cf-219508afc66c", "user": 1, "content_changed": true, "deleted": false, "page": 10, "revision": 14}}, {"model": "wagtailcore.pagelogentry", "pk": 31, "fields": {"content_type": 55, "label": "Sponsor", "action": "wagtail.publish", "data_json": "null", "timestamp": "2022-04-28T04:56:56.918Z", "uuid": "76caa1bf-753b-4b42-b2cf-219508afc66c", "user": 1, "content_changed": true, "deleted": false, "page": 10, "revision": 14}}, {"model": "wagtailcore.pagelogentry", "pk": 32, "fields": {"content_type": 1, "label": "Sponsor", "action": "wagtail.delete", "data_json": "\"\"", "timestamp": "2022-04-28T16:36:30.666Z", "uuid": "ae044904-426b-4ffc-973d-c6c524628a76", "user": 1, "content_changed": false, "deleted": true, "page": 10, "revision": null}}, {"model": "wagtailcore.pagelogentry", "pk": 33, "fields": {"content_type": 56, "label": "sponsor", "action": "wagtail.create", "data_json": "\"\"", "timestamp": "2022-04-28T16:37:33.957Z", "uuid": "6b450542-8fc3-4d0a-a20d-da7e7b7fadaa", "user": 1, "content_changed": true, "deleted": false, "page": 11, "revision": null}}, {"model": "wagtailcore.pagelogentry", "pk": 34, "fields": {"content_type": 56, "label": "sponsor", "action": "wagtail.publish", "data_json": "null", "timestamp": "2022-04-28T16:37:34.743Z", "uuid": "6b450542-8fc3-4d0a-a20d-da7e7b7fadaa", "user": 1, "content_changed": true, "deleted": false, "page": 11, "revision": 15}}, {"model": "wagtailcore.pagelogentry", "pk": 35, "fields": {"content_type": 57, "label": "Muwonge Twaha", "action": "wagtail.create", "data_json": "\"\"", "timestamp": "2022-04-28T17:01:40.095Z", "uuid": "958dcf9c-85d9-49a2-b30b-f23c5248d2b7", "user": 1, "content_changed": true, "deleted": false, "page": 12, "revision": null}}, {"model": "wagtailcore.pagelogentry", "pk": 36, "fields": {"content_type": 57, "label": "Muwonge Twaha", "action": "wagtail.publish", "data_json": "null", "timestamp": "2022-04-28T17:01:41.023Z", "uuid": "958dcf9c-85d9-49a2-b30b-f23c5248d2b7", "user": 1, "content_changed": true, "deleted": false, "page": 12, "revision": 16}}, {"model": "wagtailcore.pagelogentry", "pk": 37, "fields": {"content_type": 57, "label": "Muwonge Twaha", "action": "wagtail.edit", "data_json": "\"\"", "timestamp": "2022-04-28T17:10:26.443Z", "uuid": "ea266f0d-5b26-4816-8f73-a4ae25b15606", "user": 1, "content_changed": true, "deleted": false, "page": 12, "revision": 17}}, {"model": "wagtailcore.pagelogentry", "pk": 38, "fields": {"content_type": 57, "label": "Muwonge Twaha", "action": "wagtail.publish", "data_json": "null", "timestamp": "2022-04-28T17:10:26.953Z", "uuid": "ea266f0d-5b26-4816-8f73-a4ae25b15606", "user": 1, "content_changed": true, "deleted": false, "page": 12, "revision": 17}}, {"model": "wagtailcore.pagelogentry", "pk": 39, "fields": {"content_type": 57, "label": "Muwonge Twaha", "action": "wagtail.edit", "data_json": "\"\"", "timestamp": "2022-04-28T17:12:01.899Z", "uuid": "37e4f410-6332-48ea-8fc3-edf80f6ebecb", "user": 1, "content_changed": true, "deleted": false, "page": 12, "revision": 18}}, {"model": "wagtailcore.pagelogentry", "pk": 40, "fields": {"content_type": 57, "label": "Muwonge Twaha", "action": "wagtail.publish", "data_json": "null", "timestamp": "2022-04-28T17:12:02.412Z", "uuid": "37e4f410-6332-48ea-8fc3-edf80f6ebecb", "user": 1, "content_changed": true, "deleted": false, "page": 12, "revision": 18}}, {"model": "wagtailcore.pagelogentry", "pk": 41, "fields": {"content_type": 57, "label": "AINEBYONA James", "action": "wagtail.create", "data_json": "\"\"", "timestamp": "2022-04-28T18:04:09.715Z", "uuid": "127394a9-9790-4ec0-9350-ddfde9290d58", "user": 1, "content_changed": true, "deleted": false, "page": 13, "revision": null}}, {"model": "wagtailcore.pagelogentry", "pk": 42, "fields": {"content_type": 57, "label": "AINEBYONA James", "action": "wagtail.publish", "data_json": "null", "timestamp": "2022-04-28T18:04:10.741Z", "uuid": "127394a9-9790-4ec0-9350-ddfde9290d58", "user": 1, "content_changed": true, "deleted": false, "page": 13, "revision": 19}}, {"model": "wagtailcore.pagelogentry", "pk": 43, "fields": {"content_type": 59, "label": "contact", "action": "wagtail.create", "data_json": "\"\"", "timestamp": "2022-04-29T05:01:42.672Z", "uuid": "5e1599c6-ada2-4646-84b8-673ff1627ca3", "user": 1, "content_changed": true, "deleted": false, "page": 14, "revision": null}}, {"model": "wagtailcore.pagelogentry", "pk": 44, "fields": {"content_type": 59, "label": "contact", "action": "wagtail.publish", "data_json": "null", "timestamp": "2022-04-29T05:01:43.641Z", "uuid": "5e1599c6-ada2-4646-84b8-673ff1627ca3", "user": 1, "content_changed": true, "deleted": false, "page": 14, "revision": 20}}, {"model": "wagtailcore.pagelogentry", "pk": 45, "fields": {"content_type": 2, "label": "Home", "action": "wagtail.edit", "data_json": "\"\"", "timestamp": "2022-05-03T06:21:13.052Z", "uuid": "21f55d9d-02a0-4509-afdc-086db6052c2e", "user": 1, "content_changed": true, "deleted": false, "page": 3, "revision": 21}}, {"model": "wagtailcore.pagelogentry", "pk": 46, "fields": {"content_type": 2, "label": "Home", "action": "wagtail.publish", "data_json": "null", "timestamp": "2022-05-03T06:21:13.583Z", "uuid": "21f55d9d-02a0-4509-afdc-086db6052c2e", "user": 1, "content_changed": true, "deleted": false, "page": 3, "revision": 21}}, {"model": "wagtailcore.pagelogentry", "pk": 47, "fields": {"content_type": 60, "label": "Crisis Care", "action": "wagtail.create", "data_json": "\"\"", "timestamp": "2022-05-03T08:56:31.672Z", "uuid": "6916be47-b3dd-49c6-a345-c97aafaf06f7", "user": 1, "content_changed": true, "deleted": false, "page": 15, "revision": null}}, {"model": "wagtailcore.pagelogentry", "pk": 48, "fields": {"content_type": 60, "label": "Crisis Care", "action": "wagtail.publish", "data_json": "null", "timestamp": "2022-05-03T08:56:32.716Z", "uuid": "6916be47-b3dd-49c6-a345-c97aafaf06f7", "user": 1, "content_changed": true, "deleted": false, "page": 15, "revision": 22}}, {"model": "wagtailcore.pagelogentry", "pk": 49, "fields": {"content_type": 60, "label": "Crisis Care", "action": "wagtail.edit", "data_json": "\"\"", "timestamp": "2022-05-03T10:41:13.667Z", "uuid": "4c18c03a-cc78-4ae4-9b55-9776afaa9c16", "user": 1, "content_changed": true, "deleted": false, "page": 15, "revision": 23}}, {"model": "wagtailcore.pagelogentry", "pk": 50, "fields": {"content_type": 60, "label": "Crisis Care", "action": "wagtail.publish", "data_json": "null", "timestamp": "2022-05-03T10:41:14.263Z", "uuid": "4c18c03a-cc78-4ae4-9b55-9776afaa9c16", "user": 1, "content_changed": true, "deleted": false, "page": 15, "revision": 23}}, {"model": "wagtailcore.pagelogentry", "pk": 51, "fields": {"content_type": 63, "label": "about us", "action": "wagtail.create", "data_json": "\"\"", "timestamp": "2022-05-03T15:57:37.690Z", "uuid": "282faf3f-97df-45fd-87e2-0c0b6de9aa0a", "user": 1, "content_changed": true, "deleted": false, "page": 16, "revision": null}}, {"model": "wagtailcore.pagelogentry", "pk": 52, "fields": {"content_type": 63, "label": "about us", "action": "wagtail.publish", "data_json": "null", "timestamp": "2022-05-03T15:57:38.735Z", "uuid": "282faf3f-97df-45fd-87e2-0c0b6de9aa0a", "user": 1, "content_changed": true, "deleted": false, "page": 16, "revision": 24}}, {"model": "wagtailcore.pagelogentry", "pk": 53, "fields": {"content_type": 65, "label": "Alex Gift Ngabonziza", "action": "wagtail.create", "data_json": "\"\"", "timestamp": "2022-05-03T16:10:16.625Z", "uuid": "ba7d27ed-773b-4912-8cc1-c589f1b1a7ca", "user": 1, "content_changed": true, "deleted": false, "page": 17, "revision": null}}, {"model": "wagtailcore.pagelogentry", "pk": 54, "fields": {"content_type": 65, "label": "Alex Gift Ngabonziza", "action": "wagtail.publish", "data_json": "null", "timestamp": "2022-05-03T16:10:17.690Z", "uuid": "ba7d27ed-773b-4912-8cc1-c589f1b1a7ca", "user": 1, "content_changed": true, "deleted": false, "page": 17, "revision": 25}}, {"model": "wagtailcore.pagelogentry", "pk": 55, "fields": {"content_type": 65, "label": "Silver Brown", "action": "wagtail.create", "data_json": "\"\"", "timestamp": "2022-05-03T16:13:06.871Z", "uuid": "bca67865-ed9a-47ff-ba70-9fe2839b36b4", "user": 1, "content_changed": true, "deleted": false, "page": 18, "revision": null}}, {"model": "wagtailcore.pagelogentry", "pk": 56, "fields": {"content_type": 65, "label": "Silver Brown", "action": "wagtail.publish", "data_json": "null", "timestamp": "2022-05-03T16:13:07.902Z", "uuid": "bca67865-ed9a-47ff-ba70-9fe2839b36b4", "user": 1, "content_changed": true, "deleted": false, "page": 18, "revision": 26}}, {"model": "wagtailcore.pagelogentry", "pk": 57, "fields": {"content_type": 65, "label": "Ingabire Benigne", "action": "wagtail.create", "data_json": "\"\"", "timestamp": "2022-05-03T16:16:20.512Z", "uuid": "8e3c0003-b855-49b9-a465-84426ef73a7a", "user": 1, "content_changed": true, "deleted": false, "page": 19, "revision": null}}, {"model": "wagtailcore.pagelogentry", "pk": 58, "fields": {"content_type": 65, "label": "Ingabire Benigne", "action": "wagtail.publish", "data_json": "null", "timestamp": "2022-05-03T16:16:21.402Z", "uuid": "8e3c0003-b855-49b9-a465-84426ef73a7a", "user": 1, "content_changed": true, "deleted": false, "page": 19, "revision": 27}}, {"model": "wagtailcore.pagelogentry", "pk": 59, "fields": {"content_type": 65, "label": "Kizito Joseph", "action": "wagtail.create", "data_json": "\"\"", "timestamp": "2022-05-03T16:20:21.950Z", "uuid": "23bd4c07-5bc0-480d-97eb-483c46f83dbe", "user": 1, "content_changed": true, "deleted": false, "page": 20, "revision": null}}, {"model": "wagtailcore.pagelogentry", "pk": 60, "fields": {"content_type": 65, "label": "Kizito Joseph", "action": "wagtail.publish", "data_json": "null", "timestamp": "2022-05-03T16:20:22.792Z", "uuid": "23bd4c07-5bc0-480d-97eb-483c46f83dbe", "user": 1, "content_changed": true, "deleted": false, "page": 20, "revision": 28}}, {"model": "wagtailcore.pagelogentry", "pk": 61, "fields": {"content_type": 65, "label": "Mukiibi Gabiti Joseph", "action": "wagtail.create", "data_json": "\"\"", "timestamp": "2022-05-03T16:22:59.657Z", "uuid": "888220dc-62ca-47b5-9d2b-17887152a41e", "user": 1, "content_changed": true, "deleted": false, "page": 21, "revision": null}}, {"model": "wagtailcore.pagelogentry", "pk": 62, "fields": {"content_type": 65, "label": "Mukiibi Gabiti Joseph", "action": "wagtail.publish", "data_json": "null", "timestamp": "2022-05-03T16:23:00.597Z", "uuid": "888220dc-62ca-47b5-9d2b-17887152a41e", "user": 1, "content_changed": true, "deleted": false, "page": 21, "revision": 29}}, {"model": "wagtailcore.pagelogentry", "pk": 63, "fields": {"content_type": 65, "label": "Kobusingye Daphine", "action": "wagtail.create", "data_json": "\"\"", "timestamp": "2022-05-03T16:26:16.990Z", "uuid": "556a852e-9c39-4528-9e98-94299d3f2171", "user": 1, "content_changed": true, "deleted": false, "page": 22, "revision": null}}, {"model": "wagtailcore.pagelogentry", "pk": 64, "fields": {"content_type": 65, "label": "Kobusingye Daphine", "action": "wagtail.publish", "data_json": "null", "timestamp": "2022-05-03T16:26:17.840Z", "uuid": "556a852e-9c39-4528-9e98-94299d3f2171", "user": 1, "content_changed": true, "deleted": false, "page": 22, "revision": 30}}, {"model": "wagtailcore.pagelogentry", "pk": 65, "fields": {"content_type": 65, "label": "Nakayiza Moreen", "action": "wagtail.create", "data_json": "\"\"", "timestamp": "2022-05-03T16:29:44.832Z", "uuid": "9d77ef4b-fc39-4c62-be29-6638cc5e2880", "user": 1, "content_changed": true, "deleted": false, "page": 23, "revision": null}}, {"model": "wagtailcore.pagelogentry", "pk": 66, "fields": {"content_type": 65, "label": "Nakayiza Moreen", "action": "wagtail.publish", "data_json": "null", "timestamp": "2022-05-03T16:29:45.663Z", "uuid": "9d77ef4b-fc39-4c62-be29-6638cc5e2880", "user": 1, "content_changed": true, "deleted": false, "page": 23, "revision": 31}}, {"model": "wagtailcore.pagelogentry", "pk": 67, "fields": {"content_type": 65, "label": "Kakooza Francis", "action": "wagtail.create", "data_json": "\"\"", "timestamp": "2022-05-03T16:34:03.520Z", "uuid": "3c87334d-7382-4972-ae7e-ea73db1257ce", "user": 1, "content_changed": true, "deleted": false, "page": 24, "revision": null}}, {"model": "wagtailcore.pagelogentry", "pk": 68, "fields": {"content_type": 65, "label": "Kakooza Francis", "action": "wagtail.publish", "data_json": "null", "timestamp": "2022-05-03T16:34:04.436Z", "uuid": "3c87334d-7382-4972-ae7e-ea73db1257ce", "user": 1, "content_changed": true, "deleted": false, "page": 24, "revision": 32}}, {"model": "wagtailcore.pagelogentry", "pk": 69, "fields": {"content_type": 65, "label": "Ssozi Paul", "action": "wagtail.create", "data_json": "\"\"", "timestamp": "2022-05-03T16:37:43.879Z", "uuid": "9ad53a76-9624-45ad-85ac-67b0f9e230e1", "user": 1, "content_changed": true, "deleted": false, "page": 25, "revision": null}}, {"model": "wagtailcore.pagelogentry", "pk": 70, "fields": {"content_type": 65, "label": "Ssozi Paul", "action": "wagtail.publish", "data_json": "null", "timestamp": "2022-05-03T16:37:44.864Z", "uuid": "9ad53a76-9624-45ad-85ac-67b0f9e230e1", "user": 1, "content_changed": true, "deleted": false, "page": 25, "revision": 33}}, {"model": "wagtailcore.pagelogentry", "pk": 71, "fields": {"content_type": 63, "label": "about us", "action": "wagtail.edit", "data_json": "\"\"", "timestamp": "2022-05-03T18:03:25.682Z", "uuid": "f2a80d29-c69a-4d9f-969a-8b21fafed15c", "user": 1, "content_changed": true, "deleted": false, "page": 16, "revision": 34}}, {"model": "wagtailcore.pagelogentry", "pk": 72, "fields": {"content_type": 63, "label": "about us", "action": "wagtail.publish", "data_json": "null", "timestamp": "2022-05-03T18:03:26.225Z", "uuid": "f2a80d29-c69a-4d9f-969a-8b21fafed15c", "user": 1, "content_changed": true, "deleted": false, "page": 16, "revision": 34}}, {"model": "wagtailcore.pagelogentry", "pk": 73, "fields": {"content_type": 63, "label": "about us", "action": "wagtail.edit", "data_json": "\"\"", "timestamp": "2022-05-03T18:10:09.096Z", "uuid": "935bda20-36ed-40a9-b80f-703d3ca95606", "user": 1, "content_changed": true, "deleted": false, "page": 16, "revision": 35}}, {"model": "wagtailcore.pagelogentry", "pk": 74, "fields": {"content_type": 63, "label": "about us", "action": "wagtail.publish", "data_json": "null", "timestamp": "2022-05-03T18:10:09.766Z", "uuid": "935bda20-36ed-40a9-b80f-703d3ca95606", "user": 1, "content_changed": false, "deleted": false, "page": 16, "revision": 35}}, {"model": "wagtailcore.pagelogentry", "pk": 75, "fields": {"content_type": 63, "label": "about us", "action": "wagtail.edit", "data_json": "\"\"", "timestamp": "2022-05-03T18:11:04.454Z", "uuid": "cdcbc714-8687-42e8-a705-0f678dc37cb3", "user": 1, "content_changed": true, "deleted": false, "page": 16, "revision": 36}}, {"model": "wagtailcore.pagelogentry", "pk": 76, "fields": {"content_type": 63, "label": "about us", "action": "wagtail.publish", "data_json": "null", "timestamp": "2022-05-03T18:11:04.994Z", "uuid": "cdcbc714-8687-42e8-a705-0f678dc37cb3", "user": 1, "content_changed": true, "deleted": false, "page": 16, "revision": 36}}, {"model": "wagtailcore.pagelogentry", "pk": 77, "fields": {"content_type": 63, "label": "about us", "action": "wagtail.edit", "data_json": "\"\"", "timestamp": "2022-05-03T18:13:21.921Z", "uuid": "950b4107-672a-4005-a192-a4210f8e04d4", "user": 1, "content_changed": true, "deleted": false, "page": 16, "revision": 37}}, {"model": "wagtailcore.pagelogentry", "pk": 78, "fields": {"content_type": 63, "label": "about us", "action": "wagtail.publish", "data_json": "null", "timestamp": "2022-05-03T18:13:22.483Z", "uuid": "950b4107-672a-4005-a192-a4210f8e04d4", "user": 1, "content_changed": true, "deleted": false, "page": 16, "revision": 37}}, {"model": "wagtailcore.pagelogentry", "pk": 79, "fields": {"content_type": 63, "label": "about us", "action": "wagtail.edit", "data_json": "\"\"", "timestamp": "2022-05-03T18:15:08.616Z", "uuid": "318bd4aa-aa95-478f-af62-70f46a0cc2df", "user": 1, "content_changed": true, "deleted": false, "page": 16, "revision": 38}}, {"model": "wagtailcore.pagelogentry", "pk": 80, "fields": {"content_type": 63, "label": "about us", "action": "wagtail.publish", "data_json": "null", "timestamp": "2022-05-03T18:15:09.239Z", "uuid": "318bd4aa-aa95-478f-af62-70f46a0cc2df", "user": 1, "content_changed": true, "deleted": false, "page": 16, "revision": 38}}, {"model": "wagtailcore.pagelogentry", "pk": 81, "fields": {"content_type": 63, "label": "about us", "action": "wagtail.edit", "data_json": "\"\"", "timestamp": "2022-05-03T18:17:12.818Z", "uuid": "1e21a9f6-4c3a-4ec8-844a-68008f8a26ea", "user": 1, "content_changed": true, "deleted": false, "page": 16, "revision": 39}}, {"model": "wagtailcore.pagelogentry", "pk": 82, "fields": {"content_type": 63, "label": "about us", "action": "wagtail.publish", "data_json": "null", "timestamp": "2022-05-03T18:17:13.683Z", "uuid": "1e21a9f6-4c3a-4ec8-844a-68008f8a26ea", "user": 1, "content_changed": true, "deleted": false, "page": 16, "revision": 39}}, {"model": "wagtailcore.pagelogentry", "pk": 83, "fields": {"content_type": 63, "label": "about us", "action": "wagtail.edit", "data_json": "\"\"", "timestamp": "2022-05-03T18:18:06.962Z", "uuid": "449c9db7-6bab-46c1-ba5c-9bc0bbe755e5", "user": 1, "content_changed": true, "deleted": false, "page": 16, "revision": 40}}, {"model": "wagtailcore.pagelogentry", "pk": 84, "fields": {"content_type": 63, "label": "about us", "action": "wagtail.publish", "data_json": "null", "timestamp": "2022-05-03T18:18:07.476Z", "uuid": "449c9db7-6bab-46c1-ba5c-9bc0bbe755e5", "user": 1, "content_changed": true, "deleted": false, "page": 16, "revision": 40}}, {"model": "wagtailcore.pagelogentry", "pk": 85, "fields": {"content_type": 63, "label": "about us", "action": "wagtail.edit", "data_json": "\"\"", "timestamp": "2022-05-03T18:44:37.682Z", "uuid": "e7a554c3-87a3-4159-8ec8-fc04f275b7cb", "user": 1, "content_changed": true, "deleted": false, "page": 16, "revision": 41}}, {"model": "wagtailcore.pagelogentry", "pk": 86, "fields": {"content_type": 63, "label": "about us", "action": "wagtail.publish", "data_json": "null", "timestamp": "2022-05-03T18:44:38.261Z", "uuid": "e7a554c3-87a3-4159-8ec8-fc04f275b7cb", "user": 1, "content_changed": true, "deleted": false, "page": 16, "revision": 41}}, {"model": "wagtailcore.pagelogentry", "pk": 87, "fields": {"content_type": 63, "label": "about us", "action": "wagtail.edit", "data_json": "\"\"", "timestamp": "2022-05-03T18:49:56.669Z", "uuid": "c25dc5a3-dd81-4bc1-8c6e-032feef96da8", "user": 1, "content_changed": true, "deleted": false, "page": 16, "revision": 42}}, {"model": "wagtailcore.pagelogentry", "pk": 88, "fields": {"content_type": 63, "label": "about us", "action": "wagtail.publish", "data_json": "null", "timestamp": "2022-05-03T18:49:57.164Z", "uuid": "c25dc5a3-dd81-4bc1-8c6e-032feef96da8", "user": 1, "content_changed": true, "deleted": false, "page": 16, "revision": 42}}, {"model": "wagtailcore.pagesubscription", "pk": 2, "fields": {"user": 1, "page": 3, "comment_notifications": false}}, {"model": "wagtailcore.pagesubscription", "pk": 5, "fields": {"user": 1, "page": 7, "comment_notifications": true}}, {"model": "wagtailcore.pagesubscription", "pk": 6, "fields": {"user": 1, "page": 8, "comment_notifications": true}}, {"model": "wagtailcore.pagesubscription", "pk": 7, "fields": {"user": 1, "page": 9, "comment_notifications": true}}, {"model": "wagtailcore.pagesubscription", "pk": 9, "fields": {"user": 1, "page": 11, "comment_notifications": true}}, {"model": "wagtailcore.pagesubscription", "pk": 10, "fields": {"user": 1, "page": 12, "comment_notifications": true}}, {"model": "wagtailcore.pagesubscription", "pk": 11, "fields": {"user": 1, "page": 13, "comment_notifications": true}}, {"model": "wagtailcore.pagesubscription", "pk": 12, "fields": {"user": 1, "page": 14, "comment_notifications": true}}, {"model": "wagtailcore.pagesubscription", "pk": 13, "fields": {"user": 1, "page": 15, "comment_notifications": true}}, {"model": "wagtailcore.pagesubscription", "pk": 14, "fields": {"user": 1, "page": 16, "comment_notifications": true}}, {"model": "wagtailcore.pagesubscription", "pk": 15, "fields": {"user": 1, "page": 17, "comment_notifications": true}}, {"model": "wagtailcore.pagesubscription", "pk": 16, "fields": {"user": 1, "page": 18, "comment_notifications": true}}, {"model": "wagtailcore.pagesubscription", "pk": 17, "fields": {"user": 1, "page": 19, "comment_notifications": true}}, {"model": "wagtailcore.pagesubscription", "pk": 18, "fields": {"user": 1, "page": 20, "comment_notifications": true}}, {"model": "wagtailcore.pagesubscription", "pk": 19, "fields": {"user": 1, "page": 21, "comment_notifications": true}}, {"model": "wagtailcore.pagesubscription", "pk": 20, "fields": {"user": 1, "page": 22, "comment_notifications": true}}, {"model": "wagtailcore.pagesubscription", "pk": 21, "fields": {"user": 1, "page": 23, "comment_notifications": true}}, {"model": "wagtailcore.pagesubscription", "pk": 22, "fields": {"user": 1, "page": 24, "comment_notifications": true}}, {"model": "wagtailcore.pagesubscription", "pk": 23, "fields": {"user": 1, "page": 25, "comment_notifications": true}}, {"model": "auth.permission", "pk": 1, "fields": {"name": "Can access Wagtail admin", "content_type": 3, "codename": "access_admin"}}, {"model": "auth.permission", "pk": 2, "fields": {"name": "Can add document", "content_type": 5, "codename": "add_document"}}, {"model": "auth.permission", "pk": 3, "fields": {"name": "Can change document", "content_type": 5, "codename": "change_document"}}, {"model": "auth.permission", "pk": 4, "fields": {"name": "Can delete document", "content_type": 5, "codename": "delete_document"}}, {"model": "auth.permission", "pk": 5, "fields": {"name": "Can choose document", "content_type": 5, "codename": "choose_document"}}, {"model": "auth.permission", "pk": 6, "fields": {"name": "Can add image", "content_type": 6, "codename": "add_image"}}, {"model": "auth.permission", "pk": 7, "fields": {"name": "Can change image", "content_type": 6, "codename": "change_image"}}, {"model": "auth.permission", "pk": 8, "fields": {"name": "Can delete image", "content_type": 6, "codename": "delete_image"}}, {"model": "auth.permission", "pk": 9, "fields": {"name": "Can choose image", "content_type": 6, "codename": "choose_image"}}, {"model": "auth.permission", "pk": 10, "fields": {"name": "Can add home page", "content_type": 2, "codename": "add_homepage"}}, {"model": "auth.permission", "pk": 11, "fields": {"name": "Can change home page", "content_type": 2, "codename": "change_homepage"}}, {"model": "auth.permission", "pk": 12, "fields": {"name": "Can delete home page", "content_type": 2, "codename": "delete_homepage"}}, {"model": "auth.permission", "pk": 13, "fields": {"name": "Can view home page", "content_type": 2, "codename": "view_homepage"}}, {"model": "auth.permission", "pk": 14, "fields": {"name": "Can add form submission", "content_type": 7, "codename": "add_formsubmission"}}, {"model": "auth.permission", "pk": 15, "fields": {"name": "Can change form submission", "content_type": 7, "codename": "change_formsubmission"}}, {"model": "auth.permission", "pk": 16, "fields": {"name": "Can delete form submission", "content_type": 7, "codename": "delete_formsubmission"}}, {"model": "auth.permission", "pk": 17, "fields": {"name": "Can view form submission", "content_type": 7, "codename": "view_formsubmission"}}, {"model": "auth.permission", "pk": 18, "fields": {"name": "Can add redirect", "content_type": 8, "codename": "add_redirect"}}, {"model": "auth.permission", "pk": 19, "fields": {"name": "Can change redirect", "content_type": 8, "codename": "change_redirect"}}, {"model": "auth.permission", "pk": 20, "fields": {"name": "Can delete redirect", "content_type": 8, "codename": "delete_redirect"}}, {"model": "auth.permission", "pk": 21, "fields": {"name": "Can view redirect", "content_type": 8, "codename": "view_redirect"}}, {"model": "auth.permission", "pk": 22, "fields": {"name": "Can add embed", "content_type": 9, "codename": "add_embed"}}, {"model": "auth.permission", "pk": 23, "fields": {"name": "Can change embed", "content_type": 9, "codename": "change_embed"}}, {"model": "auth.permission", "pk": 24, "fields": {"name": "Can delete embed", "content_type": 9, "codename": "delete_embed"}}, {"model": "auth.permission", "pk": 25, "fields": {"name": "Can view embed", "content_type": 9, "codename": "view_embed"}}, {"model": "auth.permission", "pk": 26, "fields": {"name": "Can add user profile", "content_type": 10, "codename": "add_userprofile"}}, {"model": "auth.permission", "pk": 27, "fields": {"name": "Can change user profile", "content_type": 10, "codename": "change_userprofile"}}, {"model": "auth.permission", "pk": 28, "fields": {"name": "Can delete user profile", "content_type": 10, "codename": "delete_userprofile"}}, {"model": "auth.permission", "pk": 29, "fields": {"name": "Can view user profile", "content_type": 10, "codename": "view_userprofile"}}, {"model": "auth.permission", "pk": 30, "fields": {"name": "Can view document", "content_type": 5, "codename": "view_document"}}, {"model": "auth.permission", "pk": 31, "fields": {"name": "Can add uploaded document", "content_type": 11, "codename": "add_uploadeddocument"}}, {"model": "auth.permission", "pk": 32, "fields": {"name": "Can change uploaded document", "content_type": 11, "codename": "change_uploadeddocument"}}, {"model": "auth.permission", "pk": 33, "fields": {"name": "Can delete uploaded document", "content_type": 11, "codename": "delete_uploadeddocument"}}, {"model": "auth.permission", "pk": 34, "fields": {"name": "Can view uploaded document", "content_type": 11, "codename": "view_uploadeddocument"}}, {"model": "auth.permission", "pk": 35, "fields": {"name": "Can view image", "content_type": 6, "codename": "view_image"}}, {"model": "auth.permission", "pk": 36, "fields": {"name": "Can add rendition", "content_type": 12, "codename": "add_rendition"}}, {"model": "auth.permission", "pk": 37, "fields": {"name": "Can change rendition", "content_type": 12, "codename": "change_rendition"}}, {"model": "auth.permission", "pk": 38, "fields": {"name": "Can delete rendition", "content_type": 12, "codename": "delete_rendition"}}, {"model": "auth.permission", "pk": 39, "fields": {"name": "Can view rendition", "content_type": 12, "codename": "view_rendition"}}, {"model": "auth.permission", "pk": 40, "fields": {"name": "Can add uploaded image", "content_type": 13, "codename": "add_uploadedimage"}}, {"model": "auth.permission", "pk": 41, "fields": {"name": "Can change uploaded image", "content_type": 13, "codename": "change_uploadedimage"}}, {"model": "auth.permission", "pk": 42, "fields": {"name": "Can delete uploaded image", "content_type": 13, "codename": "delete_uploadedimage"}}, {"model": "auth.permission", "pk": 43, "fields": {"name": "Can view uploaded image", "content_type": 13, "codename": "view_uploadedimage"}}, {"model": "auth.permission", "pk": 44, "fields": {"name": "Can add query", "content_type": 14, "codename": "add_query"}}, {"model": "auth.permission", "pk": 45, "fields": {"name": "Can change query", "content_type": 14, "codename": "change_query"}}, {"model": "auth.permission", "pk": 46, "fields": {"name": "Can delete query", "content_type": 14, "codename": "delete_query"}}, {"model": "auth.permission", "pk": 47, "fields": {"name": "Can view query", "content_type": 14, "codename": "view_query"}}, {"model": "auth.permission", "pk": 48, "fields": {"name": "Can add Query Daily Hits", "content_type": 15, "codename": "add_querydailyhits"}}, {"model": "auth.permission", "pk": 49, "fields": {"name": "Can change Query Daily Hits", "content_type": 15, "codename": "change_querydailyhits"}}, {"model": "auth.permission", "pk": 50, "fields": {"name": "Can delete Query Daily Hits", "content_type": 15, "codename": "delete_querydailyhits"}}, {"model": "auth.permission", "pk": 51, "fields": {"name": "Can view Query Daily Hits", "content_type": 15, "codename": "view_querydailyhits"}}, {"model": "auth.permission", "pk": 52, "fields": {"name": "Can add index entry", "content_type": 16, "codename": "add_indexentry"}}, {"model": "auth.permission", "pk": 53, "fields": {"name": "Can change index entry", "content_type": 16, "codename": "change_indexentry"}}, {"model": "auth.permission", "pk": 54, "fields": {"name": "Can delete index entry", "content_type": 16, "codename": "delete_indexentry"}}, {"model": "auth.permission", "pk": 55, "fields": {"name": "Can view index entry", "content_type": 16, "codename": "view_indexentry"}}, {"model": "auth.permission", "pk": 56, "fields": {"name": "Can add sqliteftsindexentry", "content_type": 17, "codename": "add_sqliteftsindexentry"}}, {"model": "auth.permission", "pk": 57, "fields": {"name": "Can change sqliteftsindexentry", "content_type": 17, "codename": "change_sqliteftsindexentry"}}, {"model": "auth.permission", "pk": 58, "fields": {"name": "Can delete sqliteftsindexentry", "content_type": 17, "codename": "delete_sqliteftsindexentry"}}, {"model": "auth.permission", "pk": 59, "fields": {"name": "Can view sqliteftsindexentry", "content_type": 17, "codename": "view_sqliteftsindexentry"}}, {"model": "auth.permission", "pk": 60, "fields": {"name": "Can add page", "content_type": 1, "codename": "add_page"}}, {"model": "auth.permission", "pk": 61, "fields": {"name": "Can change page", "content_type": 1, "codename": "change_page"}}, {"model": "auth.permission", "pk": 62, "fields": {"name": "Can delete page", "content_type": 1, "codename": "delete_page"}}, {"model": "auth.permission", "pk": 63, "fields": {"name": "Can view page", "content_type": 1, "codename": "view_page"}}, {"model": "auth.permission", "pk": 64, "fields": {"name": "Can add group page permission", "content_type": 18, "codename": "add_grouppagepermission"}}, {"model": "auth.permission", "pk": 65, "fields": {"name": "Can change group page permission", "content_type": 18, "codename": "change_grouppagepermission"}}, {"model": "auth.permission", "pk": 66, "fields": {"name": "Can delete group page permission", "content_type": 18, "codename": "delete_grouppagepermission"}}, {"model": "auth.permission", "pk": 67, "fields": {"name": "Can view group page permission", "content_type": 18, "codename": "view_grouppagepermission"}}, {"model": "auth.permission", "pk": 68, "fields": {"name": "Can add page revision", "content_type": 19, "codename": "add_pagerevision"}}, {"model": "auth.permission", "pk": 69, "fields": {"name": "Can change page revision", "content_type": 19, "codename": "change_pagerevision"}}, {"model": "auth.permission", "pk": 70, "fields": {"name": "Can delete page revision", "content_type": 19, "codename": "delete_pagerevision"}}, {"model": "auth.permission", "pk": 71, "fields": {"name": "Can view page revision", "content_type": 19, "codename": "view_pagerevision"}}, {"model": "auth.permission", "pk": 72, "fields": {"name": "Can add page view restriction", "content_type": 20, "codename": "add_pageviewrestriction"}}, {"model": "auth.permission", "pk": 73, "fields": {"name": "Can change page view restriction", "content_type": 20, "codename": "change_pageviewrestriction"}}, {"model": "auth.permission", "pk": 74, "fields": {"name": "Can delete page view restriction", "content_type": 20, "codename": "delete_pageviewrestriction"}}, {"model": "auth.permission", "pk": 75, "fields": {"name": "Can view page view restriction", "content_type": 20, "codename": "view_pageviewrestriction"}}, {"model": "auth.permission", "pk": 76, "fields": {"name": "Can add site", "content_type": 21, "codename": "add_site"}}, {"model": "auth.permission", "pk": 77, "fields": {"name": "Can change site", "content_type": 21, "codename": "change_site"}}, {"model": "auth.permission", "pk": 78, "fields": {"name": "Can delete site", "content_type": 21, "codename": "delete_site"}}, {"model": "auth.permission", "pk": 79, "fields": {"name": "Can view site", "content_type": 21, "codename": "view_site"}}, {"model": "auth.permission", "pk": 80, "fields": {"name": "Can add collection", "content_type": 22, "codename": "add_collection"}}, {"model": "auth.permission", "pk": 81, "fields": {"name": "Can change collection", "content_type": 22, "codename": "change_collection"}}, {"model": "auth.permission", "pk": 82, "fields": {"name": "Can delete collection", "content_type": 22, "codename": "delete_collection"}}, {"model": "auth.permission", "pk": 83, "fields": {"name": "Can view collection", "content_type": 22, "codename": "view_collection"}}, {"model": "auth.permission", "pk": 84, "fields": {"name": "Can add group collection permission", "content_type": 23, "codename": "add_groupcollectionpermission"}}, {"model": "auth.permission", "pk": 85, "fields": {"name": "Can change group collection permission", "content_type": 23, "codename": "change_groupcollectionpermission"}}, {"model": "auth.permission", "pk": 86, "fields": {"name": "Can delete group collection permission", "content_type": 23, "codename": "delete_groupcollectionpermission"}}, {"model": "auth.permission", "pk": 87, "fields": {"name": "Can view group collection permission", "content_type": 23, "codename": "view_groupcollectionpermission"}}, {"model": "auth.permission", "pk": 88, "fields": {"name": "Can add collection view restriction", "content_type": 24, "codename": "add_collectionviewrestriction"}}, {"model": "auth.permission", "pk": 89, "fields": {"name": "Can change collection view restriction", "content_type": 24, "codename": "change_collectionviewrestriction"}}, {"model": "auth.permission", "pk": 90, "fields": {"name": "Can delete collection view restriction", "content_type": 24, "codename": "delete_collectionviewrestriction"}}, {"model": "auth.permission", "pk": 91, "fields": {"name": "Can view collection view restriction", "content_type": 24, "codename": "view_collectionviewrestriction"}}, {"model": "auth.permission", "pk": 92, "fields": {"name": "Can add task", "content_type": 25, "codename": "add_task"}}, {"model": "auth.permission", "pk": 93, "fields": {"name": "Can change task", "content_type": 25, "codename": "change_task"}}, {"model": "auth.permission", "pk": 94, "fields": {"name": "Can delete task", "content_type": 25, "codename": "delete_task"}}, {"model": "auth.permission", "pk": 95, "fields": {"name": "Can view task", "content_type": 25, "codename": "view_task"}}, {"model": "auth.permission", "pk": 96, "fields": {"name": "Can add Task state", "content_type": 26, "codename": "add_taskstate"}}, {"model": "auth.permission", "pk": 97, "fields": {"name": "Can change Task state", "content_type": 26, "codename": "change_taskstate"}}, {"model": "auth.permission", "pk": 98, "fields": {"name": "Can delete Task state", "content_type": 26, "codename": "delete_taskstate"}}, {"model": "auth.permission", "pk": 99, "fields": {"name": "Can view Task state", "content_type": 26, "codename": "view_taskstate"}}, {"model": "auth.permission", "pk": 100, "fields": {"name": "Can add workflow", "content_type": 27, "codename": "add_workflow"}}, {"model": "auth.permission", "pk": 101, "fields": {"name": "Can change workflow", "content_type": 27, "codename": "change_workflow"}}, {"model": "auth.permission", "pk": 102, "fields": {"name": "Can delete workflow", "content_type": 27, "codename": "delete_workflow"}}, {"model": "auth.permission", "pk": 103, "fields": {"name": "Can view workflow", "content_type": 27, "codename": "view_workflow"}}, {"model": "auth.permission", "pk": 104, "fields": {"name": "Can add Group approval task", "content_type": 4, "codename": "add_groupapprovaltask"}}, {"model": "auth.permission", "pk": 105, "fields": {"name": "Can change Group approval task", "content_type": 4, "codename": "change_groupapprovaltask"}}, {"model": "auth.permission", "pk": 106, "fields": {"name": "Can delete Group approval task", "content_type": 4, "codename": "delete_groupapprovaltask"}}, {"model": "auth.permission", "pk": 107, "fields": {"name": "Can view Group approval task", "content_type": 4, "codename": "view_groupapprovaltask"}}, {"model": "auth.permission", "pk": 108, "fields": {"name": "Can add Workflow state", "content_type": 28, "codename": "add_workflowstate"}}, {"model": "auth.permission", "pk": 109, "fields": {"name": "Can change Workflow state", "content_type": 28, "codename": "change_workflowstate"}}, {"model": "auth.permission", "pk": 110, "fields": {"name": "Can delete Workflow state", "content_type": 28, "codename": "delete_workflowstate"}}, {"model": "auth.permission", "pk": 111, "fields": {"name": "Can view Workflow state", "content_type": 28, "codename": "view_workflowstate"}}, {"model": "auth.permission", "pk": 112, "fields": {"name": "Can add workflow page", "content_type": 29, "codename": "add_workflowpage"}}, {"model": "auth.permission", "pk": 113, "fields": {"name": "Can change workflow page", "content_type": 29, "codename": "change_workflowpage"}}, {"model": "auth.permission", "pk": 114, "fields": {"name": "Can delete workflow page", "content_type": 29, "codename": "delete_workflowpage"}}, {"model": "auth.permission", "pk": 115, "fields": {"name": "Can view workflow page", "content_type": 29, "codename": "view_workflowpage"}}, {"model": "auth.permission", "pk": 116, "fields": {"name": "Can add workflow task order", "content_type": 30, "codename": "add_workflowtask"}}, {"model": "auth.permission", "pk": 117, "fields": {"name": "Can change workflow task order", "content_type": 30, "codename": "change_workflowtask"}}, {"model": "auth.permission", "pk": 118, "fields": {"name": "Can delete workflow task order", "content_type": 30, "codename": "delete_workflowtask"}}, {"model": "auth.permission", "pk": 119, "fields": {"name": "Can view workflow task order", "content_type": 30, "codename": "view_workflowtask"}}, {"model": "auth.permission", "pk": 120, "fields": {"name": "Can add page log entry", "content_type": 31, "codename": "add_pagelogentry"}}, {"model": "auth.permission", "pk": 121, "fields": {"name": "Can change page log entry", "content_type": 31, "codename": "change_pagelogentry"}}, {"model": "auth.permission", "pk": 122, "fields": {"name": "Can delete page log entry", "content_type": 31, "codename": "delete_pagelogentry"}}, {"model": "auth.permission", "pk": 123, "fields": {"name": "Can view page log entry", "content_type": 31, "codename": "view_pagelogentry"}}, {"model": "auth.permission", "pk": 124, "fields": {"name": "Can add locale", "content_type": 32, "codename": "add_locale"}}, {"model": "auth.permission", "pk": 125, "fields": {"name": "Can change locale", "content_type": 32, "codename": "change_locale"}}, {"model": "auth.permission", "pk": 126, "fields": {"name": "Can delete locale", "content_type": 32, "codename": "delete_locale"}}, {"model": "auth.permission", "pk": 127, "fields": {"name": "Can view locale", "content_type": 32, "codename": "view_locale"}}, {"model": "auth.permission", "pk": 128, "fields": {"name": "Can add comment", "content_type": 33, "codename": "add_comment"}}, {"model": "auth.permission", "pk": 129, "fields": {"name": "Can change comment", "content_type": 33, "codename": "change_comment"}}, {"model": "auth.permission", "pk": 130, "fields": {"name": "Can delete comment", "content_type": 33, "codename": "delete_comment"}}, {"model": "auth.permission", "pk": 131, "fields": {"name": "Can view comment", "content_type": 33, "codename": "view_comment"}}, {"model": "auth.permission", "pk": 132, "fields": {"name": "Can add comment reply", "content_type": 34, "codename": "add_commentreply"}}, {"model": "auth.permission", "pk": 133, "fields": {"name": "Can change comment reply", "content_type": 34, "codename": "change_commentreply"}}, {"model": "auth.permission", "pk": 134, "fields": {"name": "Can delete comment reply", "content_type": 34, "codename": "delete_commentreply"}}, {"model": "auth.permission", "pk": 135, "fields": {"name": "Can view comment reply", "content_type": 34, "codename": "view_commentreply"}}, {"model": "auth.permission", "pk": 136, "fields": {"name": "Can add page subscription", "content_type": 35, "codename": "add_pagesubscription"}}, {"model": "auth.permission", "pk": 137, "fields": {"name": "Can change page subscription", "content_type": 35, "codename": "change_pagesubscription"}}, {"model": "auth.permission", "pk": 138, "fields": {"name": "Can delete page subscription", "content_type": 35, "codename": "delete_pagesubscription"}}, {"model": "auth.permission", "pk": 139, "fields": {"name": "Can view page subscription", "content_type": 35, "codename": "view_pagesubscription"}}, {"model": "auth.permission", "pk": 140, "fields": {"name": "Can add model log entry", "content_type": 36, "codename": "add_modellogentry"}}, {"model": "auth.permission", "pk": 141, "fields": {"name": "Can change model log entry", "content_type": 36, "codename": "change_modellogentry"}}, {"model": "auth.permission", "pk": 142, "fields": {"name": "Can delete model log entry", "content_type": 36, "codename": "delete_modellogentry"}}, {"model": "auth.permission", "pk": 143, "fields": {"name": "Can view model log entry", "content_type": 36, "codename": "view_modellogentry"}}, {"model": "auth.permission", "pk": 144, "fields": {"name": "Can add tag", "content_type": 37, "codename": "add_tag"}}, {"model": "auth.permission", "pk": 145, "fields": {"name": "Can change tag", "content_type": 37, "codename": "change_tag"}}, {"model": "auth.permission", "pk": 146, "fields": {"name": "Can delete tag", "content_type": 37, "codename": "delete_tag"}}, {"model": "auth.permission", "pk": 147, "fields": {"name": "Can view tag", "content_type": 37, "codename": "view_tag"}}, {"model": "auth.permission", "pk": 148, "fields": {"name": "Can add tagged item", "content_type": 38, "codename": "add_taggeditem"}}, {"model": "auth.permission", "pk": 149, "fields": {"name": "Can change tagged item", "content_type": 38, "codename": "change_taggeditem"}}, {"model": "auth.permission", "pk": 150, "fields": {"name": "Can delete tagged item", "content_type": 38, "codename": "delete_taggeditem"}}, {"model": "auth.permission", "pk": 151, "fields": {"name": "Can view tagged item", "content_type": 38, "codename": "view_taggeditem"}}, {"model": "auth.permission", "pk": 152, "fields": {"name": "Can add log entry", "content_type": 39, "codename": "add_logentry"}}, {"model": "auth.permission", "pk": 153, "fields": {"name": "Can change log entry", "content_type": 39, "codename": "change_logentry"}}, {"model": "auth.permission", "pk": 154, "fields": {"name": "Can delete log entry", "content_type": 39, "codename": "delete_logentry"}}, {"model": "auth.permission", "pk": 155, "fields": {"name": "Can view log entry", "content_type": 39, "codename": "view_logentry"}}, {"model": "auth.permission", "pk": 156, "fields": {"name": "Can add permission", "content_type": 40, "codename": "add_permission"}}, {"model": "auth.permission", "pk": 157, "fields": {"name": "Can change permission", "content_type": 40, "codename": "change_permission"}}, {"model": "auth.permission", "pk": 158, "fields": {"name": "Can delete permission", "content_type": 40, "codename": "delete_permission"}}, {"model": "auth.permission", "pk": 159, "fields": {"name": "Can view permission", "content_type": 40, "codename": "view_permission"}}, {"model": "auth.permission", "pk": 160, "fields": {"name": "Can add group", "content_type": 41, "codename": "add_group"}}, {"model": "auth.permission", "pk": 161, "fields": {"name": "Can change group", "content_type": 41, "codename": "change_group"}}, {"model": "auth.permission", "pk": 162, "fields": {"name": "Can delete group", "content_type": 41, "codename": "delete_group"}}, {"model": "auth.permission", "pk": 163, "fields": {"name": "Can view group", "content_type": 41, "codename": "view_group"}}, {"model": "auth.permission", "pk": 164, "fields": {"name": "Can add user", "content_type": 42, "codename": "add_user"}}, {"model": "auth.permission", "pk": 165, "fields": {"name": "Can change user", "content_type": 42, "codename": "change_user"}}, {"model": "auth.permission", "pk": 166, "fields": {"name": "Can delete user", "content_type": 42, "codename": "delete_user"}}, {"model": "auth.permission", "pk": 167, "fields": {"name": "Can view user", "content_type": 42, "codename": "view_user"}}, {"model": "auth.permission", "pk": 168, "fields": {"name": "Can add content type", "content_type": 43, "codename": "add_contenttype"}}, {"model": "auth.permission", "pk": 169, "fields": {"name": "Can change content type", "content_type": 43, "codename": "change_contenttype"}}, {"model": "auth.permission", "pk": 170, "fields": {"name": "Can delete content type", "content_type": 43, "codename": "delete_contenttype"}}, {"model": "auth.permission", "pk": 171, "fields": {"name": "Can view content type", "content_type": 43, "codename": "view_contenttype"}}, {"model": "auth.permission", "pk": 172, "fields": {"name": "Can add session", "content_type": 44, "codename": "add_session"}}, {"model": "auth.permission", "pk": 173, "fields": {"name": "Can change session", "content_type": 44, "codename": "change_session"}}, {"model": "auth.permission", "pk": 174, "fields": {"name": "Can delete session", "content_type": 44, "codename": "delete_session"}}, {"model": "auth.permission", "pk": 175, "fields": {"name": "Can view session", "content_type": 44, "codename": "view_session"}}, {"model": "auth.permission", "pk": 176, "fields": {"name": "Can add media", "content_type": 45, "codename": "add_media"}}, {"model": "auth.permission", "pk": 177, "fields": {"name": "Can change media", "content_type": 45, "codename": "change_media"}}, {"model": "auth.permission", "pk": 178, "fields": {"name": "Can delete media", "content_type": 45, "codename": "delete_media"}}, {"model": "auth.permission", "pk": 179, "fields": {"name": "Can add home page carousel", "content_type": 46, "codename": "add_homepagecarousel"}}, {"model": "auth.permission", "pk": 180, "fields": {"name": "Can change home page carousel", "content_type": 46, "codename": "change_homepagecarousel"}}, {"model": "auth.permission", "pk": 181, "fields": {"name": "Can delete home page carousel", "content_type": 46, "codename": "delete_homepagecarousel"}}, {"model": "auth.permission", "pk": 182, "fields": {"name": "Can view home page carousel", "content_type": 46, "codename": "view_homepagecarousel"}}, {"model": "auth.permission", "pk": 183, "fields": {"name": "Can add home page cards", "content_type": 47, "codename": "add_homepagecards"}}, {"model": "auth.permission", "pk": 184, "fields": {"name": "Can change home page cards", "content_type": 47, "codename": "change_homepagecards"}}, {"model": "auth.permission", "pk": 185, "fields": {"name": "Can delete home page cards", "content_type": 47, "codename": "delete_homepagecards"}}, {"model": "auth.permission", "pk": 186, "fields": {"name": "Can view home page cards", "content_type": 47, "codename": "view_homepagecards"}}, {"model": "auth.permission", "pk": 187, "fields": {"name": "Can view media", "content_type": 45, "codename": "view_media"}}, {"model": "auth.permission", "pk": 188, "fields": {"name": "Can add discipleship page cards", "content_type": 48, "codename": "add_discipleshippagecards"}}, {"model": "auth.permission", "pk": 189, "fields": {"name": "Can change discipleship page cards", "content_type": 48, "codename": "change_discipleshippagecards"}}, {"model": "auth.permission", "pk": 190, "fields": {"name": "Can delete discipleship page cards", "content_type": 48, "codename": "delete_discipleshippagecards"}}, {"model": "auth.permission", "pk": 191, "fields": {"name": "Can view discipleship page cards", "content_type": 48, "codename": "view_discipleshippagecards"}}, {"model": "auth.permission", "pk": 192, "fields": {"name": "Can add education page cards", "content_type": 49, "codename": "add_educationpagecards"}}, {"model": "auth.permission", "pk": 193, "fields": {"name": "Can change education page cards", "content_type": 49, "codename": "change_educationpagecards"}}, {"model": "auth.permission", "pk": 194, "fields": {"name": "Can delete education page cards", "content_type": 49, "codename": "delete_educationpagecards"}}, {"model": "auth.permission", "pk": 195, "fields": {"name": "Can view education page cards", "content_type": 49, "codename": "view_educationpagecards"}}, {"model": "auth.permission", "pk": 196, "fields": {"name": "Can add discipleship page", "content_type": 50, "codename": "add_discipleshippage"}}, {"model": "auth.permission", "pk": 197, "fields": {"name": "Can change discipleship page", "content_type": 50, "codename": "change_discipleshippage"}}, {"model": "auth.permission", "pk": 198, "fields": {"name": "Can delete discipleship page", "content_type": 50, "codename": "delete_discipleshippage"}}, {"model": "auth.permission", "pk": 199, "fields": {"name": "Can view discipleship page", "content_type": 50, "codename": "view_discipleshippage"}}, {"model": "auth.permission", "pk": 200, "fields": {"name": "Can add skilling page cards", "content_type": 51, "codename": "add_skillingpagecards"}}, {"model": "auth.permission", "pk": 201, "fields": {"name": "Can change skilling page cards", "content_type": 51, "codename": "change_skillingpagecards"}}, {"model": "auth.permission", "pk": 202, "fields": {"name": "Can delete skilling page cards", "content_type": 51, "codename": "delete_skillingpagecards"}}, {"model": "auth.permission", "pk": 203, "fields": {"name": "Can view skilling page cards", "content_type": 51, "codename": "view_skillingpagecards"}}, {"model": "auth.permission", "pk": 204, "fields": {"name": "Can add education page", "content_type": 52, "codename": "add_educationpage"}}, {"model": "auth.permission", "pk": 205, "fields": {"name": "Can change education page", "content_type": 52, "codename": "change_educationpage"}}, {"model": "auth.permission", "pk": 206, "fields": {"name": "Can delete education page", "content_type": 52, "codename": "delete_educationpage"}}, {"model": "auth.permission", "pk": 207, "fields": {"name": "Can view education page", "content_type": 52, "codename": "view_educationpage"}}, {"model": "auth.permission", "pk": 208, "fields": {"name": "Can add skilling page", "content_type": 53, "codename": "add_skillingpage"}}, {"model": "auth.permission", "pk": 209, "fields": {"name": "Can change skilling page", "content_type": 53, "codename": "change_skillingpage"}}, {"model": "auth.permission", "pk": 210, "fields": {"name": "Can delete skilling page", "content_type": 53, "codename": "delete_skillingpage"}}, {"model": "auth.permission", "pk": 211, "fields": {"name": "Can view skilling page", "content_type": 53, "codename": "view_skillingpage"}}, {"model": "auth.permission", "pk": 212, "fields": {"name": "Can add sponsor page cards", "content_type": 54, "codename": "add_sponsorpagecards"}}, {"model": "auth.permission", "pk": 213, "fields": {"name": "Can change sponsor page cards", "content_type": 54, "codename": "change_sponsorpagecards"}}, {"model": "auth.permission", "pk": 214, "fields": {"name": "Can delete sponsor page cards", "content_type": 54, "codename": "delete_sponsorpagecards"}}, {"model": "auth.permission", "pk": 215, "fields": {"name": "Can view sponsor page cards", "content_type": 54, "codename": "view_sponsorpagecards"}}, {"model": "auth.permission", "pk": 216, "fields": {"name": "Can add sponsor page", "content_type": 55, "codename": "add_sponsorpage"}}, {"model": "auth.permission", "pk": 217, "fields": {"name": "Can change sponsor page", "content_type": 55, "codename": "change_sponsorpage"}}, {"model": "auth.permission", "pk": 218, "fields": {"name": "Can delete sponsor page", "content_type": 55, "codename": "delete_sponsorpage"}}, {"model": "auth.permission", "pk": 219, "fields": {"name": "Can view sponsor page", "content_type": 55, "codename": "view_sponsorpage"}}, {"model": "auth.permission", "pk": 220, "fields": {"name": "Can add sponsor listing page", "content_type": 56, "codename": "add_sponsorlistingpage"}}, {"model": "auth.permission", "pk": 221, "fields": {"name": "Can change sponsor listing page", "content_type": 56, "codename": "change_sponsorlistingpage"}}, {"model": "auth.permission", "pk": 222, "fields": {"name": "Can delete sponsor listing page", "content_type": 56, "codename": "delete_sponsorlistingpage"}}, {"model": "auth.permission", "pk": 223, "fields": {"name": "Can view sponsor listing page", "content_type": 56, "codename": "view_sponsorlistingpage"}}, {"model": "auth.permission", "pk": 224, "fields": {"name": "Can add sponsor page", "content_type": 57, "codename": "add_sponsorpage"}}, {"model": "auth.permission", "pk": 225, "fields": {"name": "Can change sponsor page", "content_type": 57, "codename": "change_sponsorpage"}}, {"model": "auth.permission", "pk": 226, "fields": {"name": "Can delete sponsor page", "content_type": 57, "codename": "delete_sponsorpage"}}, {"model": "auth.permission", "pk": 227, "fields": {"name": "Can view sponsor page", "content_type": 57, "codename": "view_sponsorpage"}}, {"model": "auth.permission", "pk": 228, "fields": {"name": "Can add contact page form field", "content_type": 58, "codename": "add_contactpageformfield"}}, {"model": "auth.permission", "pk": 229, "fields": {"name": "Can change contact page form field", "content_type": 58, "codename": "change_contactpageformfield"}}, {"model": "auth.permission", "pk": 230, "fields": {"name": "Can delete contact page form field", "content_type": 58, "codename": "delete_contactpageformfield"}}, {"model": "auth.permission", "pk": 231, "fields": {"name": "Can view contact page form field", "content_type": 58, "codename": "view_contactpageformfield"}}, {"model": "auth.permission", "pk": 232, "fields": {"name": "Can add contact page", "content_type": 59, "codename": "add_contactpage"}}, {"model": "auth.permission", "pk": 233, "fields": {"name": "Can change contact page", "content_type": 59, "codename": "change_contactpage"}}, {"model": "auth.permission", "pk": 234, "fields": {"name": "Can delete contact page", "content_type": 59, "codename": "delete_contactpage"}}, {"model": "auth.permission", "pk": 235, "fields": {"name": "Can view contact page", "content_type": 59, "codename": "view_contactpage"}}, {"model": "auth.permission", "pk": 236, "fields": {"name": "Can add crisis page", "content_type": 60, "codename": "add_crisispage"}}, {"model": "auth.permission", "pk": 237, "fields": {"name": "Can change crisis page", "content_type": 60, "codename": "change_crisispage"}}, {"model": "auth.permission", "pk": 238, "fields": {"name": "Can delete crisis page", "content_type": 60, "codename": "delete_crisispage"}}, {"model": "auth.permission", "pk": 239, "fields": {"name": "Can view crisis page", "content_type": 60, "codename": "view_crisispage"}}, {"model": "auth.permission", "pk": 240, "fields": {"name": "Can add crisis page carousel", "content_type": 61, "codename": "add_crisispagecarousel"}}, {"model": "auth.permission", "pk": 241, "fields": {"name": "Can change crisis page carousel", "content_type": 61, "codename": "change_crisispagecarousel"}}, {"model": "auth.permission", "pk": 242, "fields": {"name": "Can delete crisis page carousel", "content_type": 61, "codename": "delete_crisispagecarousel"}}, {"model": "auth.permission", "pk": 243, "fields": {"name": "Can view crisis page carousel", "content_type": 61, "codename": "view_crisispagecarousel"}}, {"model": "auth.permission", "pk": 244, "fields": {"name": "Can add crisis page faqs", "content_type": 62, "codename": "add_crisispagefaqs"}}, {"model": "auth.permission", "pk": 245, "fields": {"name": "Can change crisis page faqs", "content_type": 62, "codename": "change_crisispagefaqs"}}, {"model": "auth.permission", "pk": 246, "fields": {"name": "Can delete crisis page faqs", "content_type": 62, "codename": "delete_crisispagefaqs"}}, {"model": "auth.permission", "pk": 247, "fields": {"name": "Can view crisis page faqs", "content_type": 62, "codename": "view_crisispagefaqs"}}, {"model": "auth.permission", "pk": 248, "fields": {"name": "Can add about page", "content_type": 63, "codename": "add_aboutpage"}}, {"model": "auth.permission", "pk": 249, "fields": {"name": "Can change about page", "content_type": 63, "codename": "change_aboutpage"}}, {"model": "auth.permission", "pk": 250, "fields": {"name": "Can delete about page", "content_type": 63, "codename": "delete_aboutpage"}}, {"model": "auth.permission", "pk": 251, "fields": {"name": "Can view about page", "content_type": 63, "codename": "view_aboutpage"}}, {"model": "auth.permission", "pk": 252, "fields": {"name": "Can add about page strategy", "content_type": 64, "codename": "add_aboutpagestrategy"}}, {"model": "auth.permission", "pk": 253, "fields": {"name": "Can change about page strategy", "content_type": 64, "codename": "change_aboutpagestrategy"}}, {"model": "auth.permission", "pk": 254, "fields": {"name": "Can delete about page strategy", "content_type": 64, "codename": "delete_aboutpagestrategy"}}, {"model": "auth.permission", "pk": 255, "fields": {"name": "Can view about page strategy", "content_type": 64, "codename": "view_aboutpagestrategy"}}, {"model": "auth.permission", "pk": 256, "fields": {"name": "Can add volunteer page", "content_type": 65, "codename": "add_volunteerpage"}}, {"model": "auth.permission", "pk": 257, "fields": {"name": "Can change volunteer page", "content_type": 65, "codename": "change_volunteerpage"}}, {"model": "auth.permission", "pk": 258, "fields": {"name": "Can delete volunteer page", "content_type": 65, "codename": "delete_volunteerpage"}}, {"model": "auth.permission", "pk": 259, "fields": {"name": "Can view volunteer page", "content_type": 65, "codename": "view_volunteerpage"}}, {"model": "auth.group", "pk": 1, "fields": {"name": "Moderators", "permissions": [1, 2, 3, 5, 4, 6, 7, 9, 8, 176, 177, 178]}}, {"model": "auth.group", "pk": 2, "fields": {"name": "Editors", "permissions": [1, 2, 3, 5, 4, 6, 7, 9, 8, 176, 177, 178]}}, {"model": "auth.user", "pk": 1, "fields": {"password": "pbkdf2_sha256$320000$SaRg4xeMWHuAtChf90FGrZ$HjRedSKLbSGEeT7Hc5QmtZr0ajSMFutxGEQW8niz2Tc=", "last_login": "2022-05-03T06:19:07.423Z", "is_superuser": true, "username": "paul", "first_name": "", "last_name": "", "email": "ssozipaule@gmail.com", "is_staff": true, "is_active": true, "date_joined": "2022-04-27T07:59:47.430Z", "groups": [], "user_permissions": []}}, {"model": "contenttypes.contenttype", "pk": 1, "fields": {"app_label": "wagtailcore", "model": "page"}}, {"model": "contenttypes.contenttype", "pk": 2, "fields": {"app_label": "home", "model": "homepage"}}, {"model": "contenttypes.contenttype", "pk": 3, "fields": {"app_label": "wagtailadmin", "model": "admin"}}, {"model": "contenttypes.contenttype", "pk": 4, "fields": {"app_label": "wagtailcore", "model": "groupapprovaltask"}}, {"model": "contenttypes.contenttype", "pk": 5, "fields": {"app_label": "wagtaildocs", "model": "document"}}, {"model": "contenttypes.contenttype", "pk": 6, "fields": {"app_label": "wagtailimages", "model": "image"}}, {"model": "contenttypes.contenttype", "pk": 7, "fields": {"app_label": "wagtailforms", "model": "formsubmission"}}, {"model": "contenttypes.contenttype", "pk": 8, "fields": {"app_label": "wagtailredirects", "model": "redirect"}}, {"model": "contenttypes.contenttype", "pk": 9, "fields": {"app_label": "wagtailembeds", "model": "embed"}}, {"model": "contenttypes.contenttype", "pk": 10, "fields": {"app_label": "wagtailusers", "model": "userprofile"}}, {"model": "contenttypes.contenttype", "pk": 11, "fields": {"app_label": "wagtaildocs", "model": "uploadeddocument"}}, {"model": "contenttypes.contenttype", "pk": 12, "fields": {"app_label": "wagtailimages", "model": "rendition"}}, {"model": "contenttypes.contenttype", "pk": 13, "fields": {"app_label": "wagtailimages", "model": "uploadedimage"}}, {"model": "contenttypes.contenttype", "pk": 14, "fields": {"app_label": "wagtailsearch", "model": "query"}}, {"model": "contenttypes.contenttype", "pk": 15, "fields": {"app_label": "wagtailsearch", "model": "querydailyhits"}}, {"model": "contenttypes.contenttype", "pk": 16, "fields": {"app_label": "wagtailsearch", "model": "indexentry"}}, {"model": "contenttypes.contenttype", "pk": 17, "fields": {"app_label": "wagtailsearch", "model": "sqliteftsindexentry"}}, {"model": "contenttypes.contenttype", "pk": 18, "fields": {"app_label": "wagtailcore", "model": "grouppagepermission"}}, {"model": "contenttypes.contenttype", "pk": 19, "fields": {"app_label": "wagtailcore", "model": "pagerevision"}}, {"model": "contenttypes.contenttype", "pk": 20, "fields": {"app_label": "wagtailcore", "model": "pageviewrestriction"}}, {"model": "contenttypes.contenttype", "pk": 21, "fields": {"app_label": "wagtailcore", "model": "site"}}, {"model": "contenttypes.contenttype", "pk": 22, "fields": {"app_label": "wagtailcore", "model": "collection"}}, {"model": "contenttypes.contenttype", "pk": 23, "fields": {"app_label": "wagtailcore", "model": "groupcollectionpermission"}}, {"model": "contenttypes.contenttype", "pk": 24, "fields": {"app_label": "wagtailcore", "model": "collectionviewrestriction"}}, {"model": "contenttypes.contenttype", "pk": 25, "fields": {"app_label": "wagtailcore", "model": "task"}}, {"model": "contenttypes.contenttype", "pk": 26, "fields": {"app_label": "wagtailcore", "model": "taskstate"}}, {"model": "contenttypes.contenttype", "pk": 27, "fields": {"app_label": "wagtailcore", "model": "workflow"}}, {"model": "contenttypes.contenttype", "pk": 28, "fields": {"app_label": "wagtailcore", "model": "workflowstate"}}, {"model": "contenttypes.contenttype", "pk": 29, "fields": {"app_label": "wagtailcore", "model": "workflowpage"}}, {"model": "contenttypes.contenttype", "pk": 30, "fields": {"app_label": "wagtailcore", "model": "workflowtask"}}, {"model": "contenttypes.contenttype", "pk": 31, "fields": {"app_label": "wagtailcore", "model": "pagelogentry"}}, {"model": "contenttypes.contenttype", "pk": 32, "fields": {"app_label": "wagtailcore", "model": "locale"}}, {"model": "contenttypes.contenttype", "pk": 33, "fields": {"app_label": "wagtailcore", "model": "comment"}}, {"model": "contenttypes.contenttype", "pk": 34, "fields": {"app_label": "wagtailcore", "model": "commentreply"}}, {"model": "contenttypes.contenttype", "pk": 35, "fields": {"app_label": "wagtailcore", "model": "pagesubscription"}}, {"model": "contenttypes.contenttype", "pk": 36, "fields": {"app_label": "wagtailcore", "model": "modellogentry"}}, {"model": "contenttypes.contenttype", "pk": 37, "fields": {"app_label": "taggit", "model": "tag"}}, {"model": "contenttypes.contenttype", "pk": 38, "fields": {"app_label": "taggit", "model": "taggeditem"}}, {"model": "contenttypes.contenttype", "pk": 39, "fields": {"app_label": "admin", "model": "logentry"}}, {"model": "contenttypes.contenttype", "pk": 40, "fields": {"app_label": "auth", "model": "permission"}}, {"model": "contenttypes.contenttype", "pk": 41, "fields": {"app_label": "auth", "model": "group"}}, {"model": "contenttypes.contenttype", "pk": 42, "fields": {"app_label": "auth", "model": "user"}}, {"model": "contenttypes.contenttype", "pk": 43, "fields": {"app_label": "contenttypes", "model": "contenttype"}}, {"model": "contenttypes.contenttype", "pk": 44, "fields": {"app_label": "sessions", "model": "session"}}, {"model": "contenttypes.contenttype", "pk": 45, "fields": {"app_label": "wagtailmedia", "model": "media"}}, {"model": "contenttypes.contenttype", "pk": 46, "fields": {"app_label": "home", "model": "homepagecarousel"}}, {"model": "contenttypes.contenttype", "pk": 47, "fields": {"app_label": "home", "model": "homepagecards"}}, {"model": "contenttypes.contenttype", "pk": 48, "fields": {"app_label": "home", "model": "discipleshippagecards"}}, {"model": "contenttypes.contenttype", "pk": 49, "fields": {"app_label": "home", "model": "educationpagecards"}}, {"model": "contenttypes.contenttype", "pk": 50, "fields": {"app_label": "home", "model": "discipleshippage"}}, {"model": "contenttypes.contenttype", "pk": 51, "fields": {"app_label": "home", "model": "skillingpagecards"}}, {"model": "contenttypes.contenttype", "pk": 52, "fields": {"app_label": "home", "model": "educationpage"}}, {"model": "contenttypes.contenttype", "pk": 53, "fields": {"app_label": "home", "model": "skillingpage"}}, {"model": "contenttypes.contenttype", "pk": 54, "fields": {"app_label": "home", "model": "sponsorpagecards"}}, {"model": "contenttypes.contenttype", "pk": 55, "fields": {"app_label": "home", "model": "sponsorpage"}}, {"model": "contenttypes.contenttype", "pk": 56, "fields": {"app_label": "sponsorship", "model": "sponsorlistingpage"}}, {"model": "contenttypes.contenttype", "pk": 57, "fields": {"app_label": "sponsorship", "model": "sponsorpage"}}, {"model": "contenttypes.contenttype", "pk": 58, "fields": {"app_label": "home", "model": "contactpageformfield"}}, {"model": "contenttypes.contenttype", "pk": 59, "fields": {"app_label": "home", "model": "contactpage"}}, {"model": "contenttypes.contenttype", "pk": 60, "fields": {"app_label": "home", "model": "crisispage"}}, {"model": "contenttypes.contenttype", "pk": 61, "fields": {"app_label": "home", "model": "crisispagecarousel"}}, {"model": "contenttypes.contenttype", "pk": 62, "fields": {"app_label": "home", "model": "crisispagefaqs"}}, {"model": "contenttypes.contenttype", "pk": 63, "fields": {"app_label": "sponsorship", "model": "aboutpage"}}, {"model": "contenttypes.contenttype", "pk": 64, "fields": {"app_label": "sponsorship", "model": "aboutpagestrategy"}}, {"model": "contenttypes.contenttype", "pk": 65, "fields": {"app_label": "sponsorship", "model": "volunteerpage"}}, {"model": "sessions.session", "pk": "7msoqptxz9077o71iw4x8t4fojbosufa", "fields": {"session_data": ".eJxVjMsOwiAQRf-FtSEMr0GX7v0GAgy1qAFT2kRj_Hdt0oVu7zn3vJgPyzz6pefJF2IHBmz3u8WQrrmugC6hnhtPrc5TiXxV-EY7PzXKt-Pm_gXG0MfvG53VmNEGZVAorcC4EKXARE6S1SmDsHEgUI70QDFKBzgYSmgAwJFZoz33Xlr1-XEv05MdQIq9FeL9AdO5P7I:1nlUgD:1HTgnCTV1NimJ6PmCqxfG_fhtxzQriWpuFoBOTSbuZI", "expire_date": "2022-05-16T11:57:29.148Z"}}, {"model": "sessions.session", "pk": "je263dn884fyr3w2zb6553g4cewfo4tl", "fields": {"session_data": ".eJxVjMsOwiAQRf-FtSFMeaZL934DAWZqUQMG2kRj_Hdt0oVu7zn3vJgP6zL7tVPzGdnIgB1-txjSlcoG8BLKufJUy9Jy5JvCd9r5qSLdjrv7F5hDn79v64yyZE2Q2gqpJGgX4iBsQjegUYlAmDghSIdqwhgHB3bSmKwGAId6i3bqPdfi6XHP7clG8f4AWi0-gA:1njlaR:ql2UeY03P6M8j4zeQVuc5slNhkWp9YMNXPeEFwaDQEU", "expire_date": "2022-05-11T17:36:23.241Z"}}, {"model": "sessions.session", "pk": "lwai6atyl2crq5xxx4padd2b3008lyng", "fields": {"session_data": ".eJxVjMsOwiAQRf-FtSFMeaZL934DAWZqUQMG2kRj_Hdt0oVu7zn3vJgP6zL7tVPzGdnIgB1-txjSlcoG8BLKufJUy9Jy5JvCd9r5qSLdjrv7F5hDn79v64yyZE2Q2gqpJGgX4iBsQjegUYlAmDghSIdqwhgHB3bSmKwGAId6i3bqPdfi6XHP7clG8f4AWi0-gA:1njeTp:j4BL5NwWa_K6YuzCLJ6SIwZ-G-Q4RAWJvcZJt8z_GT8", "expire_date": "2022-05-11T10:01:05.751Z"}}, {"model": "sessions.session", "pk": "o7zblbblgb4exjzj6bxco6ok6rfoupug", "fields": {"session_data": ".eJxVjMsOwiAQRf-FtSFMeaZL934DAWZqUQMG2kRj_Hdt0oVu7zn3vJgP6zL7tVPzGdnIgB1-txjSlcoG8BLKufJUy9Jy5JvCd9r5qSLdjrv7F5hDn79v64yyZE2Q2gqpJGgX4iBsQjegUYlAmDghSIdqwhgHB3bSmKwGAId6i3bqPdfi6XHP7clG8f4AWi0-gA:1njcbd:rDa_rQzYvLxW522bWvWCRMhy2U2KcYfpWotCsYsrv_A", "expire_date": "2022-05-11T08:01:01.265Z"}}, {"model": "sessions.session", "pk": "x282jjin7ss134l8kbl8ffiyldp5ou3q", "fields": {"session_data": ".eJxVjMsOwiAQRf-FtSFMeaZL934DAWZqUQMG2kRj_Hdt0oVu7zn3vJgP6zL7tVPzGdnIgB1-txjSlcoG8BLKufJUy9Jy5JvCd9r5qSLdjrv7F5hDn79v64yyZE2Q2gqpJGgX4iBsQjegUYlAmDghSIdqwhgHB3bSmKwGAId6i3bqPdfi6XHP7clG8f4AWi0-gA:1nllsJ:xLGRQlJIiTDPKrCEJf392woXRAlcrD5iukCoFvQot70", "expire_date": "2022-05-17T06:19:07.590Z"}}]